[
  {
    "type": "constructor",
    "stateMutability": "nonpayable",
    "inputs": [
      { "type": "address", "name": "_fish", "internalType": "contract FishToken" },
      { "type": "uint256", "name": "_startBlock", "internalType": "uint256" },
      { "type": "address", "name": "_devAddress", "internalType": "address" },
      { "type": "address", "name": "_feeAddress", "internalType": "address" },
      { "type": "address", "name": "_vaultAddress", "internalType": "address" }
    ]
  },
  {
    "type": "event",
    "name": "Deposit",
    "inputs": [
      { "type": "address", "name": "user", "internalType": "address", "indexed": true },
      { "type": "uint256", "name": "pid", "internalType": "uint256", "indexed": true },
      { "type": "uint256", "name": "amount", "internalType": "uint256", "indexed": false }
    ],
    "anonymous": false
  },
  {
    "type": "event",
    "name": "EmergencyWithdraw",
    "inputs": [
      { "type": "address", "name": "user", "internalType": "address", "indexed": true },
      { "type": "uint256", "name": "pid", "internalType": "uint256", "indexed": true },
      { "type": "uint256", "name": "amount", "internalType": "uint256", "indexed": false }
    ],
    "anonymous": false
  },
  {
    "type": "event",
    "name": "OwnershipTransferred",
    "inputs": [
      { "type": "address", "name": "previousOwner", "internalType": "address", "indexed": true },
      { "type": "address", "name": "newOwner", "internalType": "address", "indexed": true }
    ],
    "anonymous": false
  },
  {
    "type": "event",
    "name": "ReferralCommissionPaid",
    "inputs": [
      { "type": "address", "name": "user", "internalType": "address", "indexed": true },
      { "type": "address", "name": "referrer", "internalType": "address", "indexed": true },
      { "type": "uint256", "name": "commissionAmount", "internalType": "uint256", "indexed": false }
    ],
    "anonymous": false
  },
  {
    "type": "event",
    "name": "SetDevAddress",
    "inputs": [
      { "type": "address", "name": "user", "internalType": "address", "indexed": true },
      { "type": "address", "name": "newAddress", "internalType": "address", "indexed": true }
    ],
    "anonymous": false
  },
  {
    "type": "event",
    "name": "SetFeeAddress",
    "inputs": [
      { "type": "address", "name": "user", "internalType": "address", "indexed": true },
      { "type": "address", "name": "newAddress", "internalType": "address", "indexed": true }
    ],
    "anonymous": false
  },
  {
    "type": "event",
    "name": "SetReferralAddress",
    "inputs": [
      { "type": "address", "name": "user", "internalType": "address", "indexed": true },
      {
        "type": "address",
        "name": "newAddress",
        "internalType": "contract IReferral",
        "indexed": true
      }
    ],
    "anonymous": false
  },
  {
    "type": "event",
    "name": "SetVaultAddress",
    "inputs": [
      { "type": "address", "name": "user", "internalType": "address", "indexed": true },
      { "type": "address", "name": "newAddress", "internalType": "address", "indexed": true }
    ],
    "anonymous": false
  },
  {
    "type": "event",
    "name": "UpdateEmissionRate",
    "inputs": [
      { "type": "address", "name": "user", "internalType": "address", "indexed": true },
      { "type": "uint256", "name": "fishPerBlock", "internalType": "uint256", "indexed": false }
    ],
    "anonymous": false
  },
  {
    "type": "event",
    "name": "Withdraw",
    "inputs": [
      { "type": "address", "name": "user", "internalType": "address", "indexed": true },
      { "type": "uint256", "name": "pid", "internalType": "uint256", "indexed": true },
      { "type": "uint256", "name": "amount", "internalType": "uint256", "indexed": false }
    ],
    "anonymous": false
  },
  {
    "type": "function",
    "stateMutability": "view",
    "outputs": [{ "type": "uint16", "name": "", "internalType": "uint16" }],
    "name": "MAXIMUM_REFERRAL_COMMISSION_RATE",
    "inputs": []
  },
  {
    "type": "function",
    "stateMutability": "nonpayable",
    "outputs": [],
    "name": "add",
    "inputs": [
      { "type": "uint256", "name": "_allocPoint", "internalType": "uint256" },
      { "type": "address", "name": "_lpToken", "internalType": "contract IERC20" },
      { "type": "uint16", "name": "_depositFeeBP", "internalType": "uint16" }
    ]
  },
  {
    "type": "function",
    "stateMutability": "nonpayable",
    "outputs": [],
    "name": "deposit",
    "inputs": [
      { "type": "uint256", "name": "_pid", "internalType": "uint256" },
      { "type": "uint256", "name": "_amount", "internalType": "uint256" },
      { "type": "address", "name": "_referrer", "internalType": "address" }
    ]
  },
  {
    "type": "function",
    "stateMutability": "view",
    "outputs": [{ "type": "address", "name": "", "internalType": "address" }],
    "name": "devAddress",
    "inputs": []
  },
  {
    "type": "function",
    "stateMutability": "nonpayable",
    "outputs": [],
    "name": "emergencyWithdraw",
    "inputs": [{ "type": "uint256", "name": "_pid", "internalType": "uint256" }]
  },
  {
    "type": "function",
    "stateMutability": "view",
    "outputs": [{ "type": "address", "name": "", "internalType": "address" }],
    "name": "feeAddress",
    "inputs": []
  },
  {
    "type": "function",
    "stateMutability": "view",
    "outputs": [{ "type": "address", "name": "", "internalType": "contract FishToken" }],
    "name": "fish",
    "inputs": []
  },
  {
    "type": "function",
    "stateMutability": "view",
    "outputs": [{ "type": "uint256", "name": "", "internalType": "uint256" }],
    "name": "fishPerBlock",
    "inputs": []
  },
  {
    "type": "function",
    "stateMutability": "pure",
    "outputs": [{ "type": "uint256", "name": "", "internalType": "uint256" }],
    "name": "getMultiplier",
    "inputs": [
      { "type": "uint256", "name": "_from", "internalType": "uint256" },
      { "type": "uint256", "name": "_to", "internalType": "uint256" }
    ]
  },
  {
    "type": "function",
    "stateMutability": "nonpayable",
    "outputs": [],
    "name": "massUpdatePools",
    "inputs": []
  },
  {
    "type": "function",
    "stateMutability": "view",
    "outputs": [{ "type": "address", "name": "", "internalType": "address" }],
    "name": "owner",
    "inputs": []
  },
  {
    "type": "function",
    "stateMutability": "view",
    "outputs": [{ "type": "uint256", "name": "", "internalType": "uint256" }],
    "name": "pendingFish",
    "inputs": [
      { "type": "uint256", "name": "_pid", "internalType": "uint256" },
      { "type": "address", "name": "_user", "internalType": "address" }
    ]
  },
  {
    "type": "function",
    "stateMutability": "view",
    "outputs": [{ "type": "bool", "name": "", "internalType": "bool" }],
    "name": "poolExistence",
    "inputs": [{ "type": "address", "name": "", "internalType": "contract IERC20" }]
  },
  {
    "type": "function",
    "stateMutability": "view",
    "outputs": [
      { "type": "address", "name": "lpToken", "internalType": "contract IERC20" },
      { "type": "uint256", "name": "allocPoint", "internalType": "uint256" },
      { "type": "uint256", "name": "lastRewardBlock", "internalType": "uint256" },
      { "type": "uint256", "name": "accFishPerShare", "internalType": "uint256" },
      { "type": "uint16", "name": "depositFeeBP", "internalType": "uint16" }
    ],
    "name": "poolInfo",
    "inputs": [{ "type": "uint256", "name": "", "internalType": "uint256" }]
  },
  {
    "type": "function",
    "stateMutability": "view",
    "outputs": [{ "type": "uint256", "name": "", "internalType": "uint256" }],
    "name": "poolLength",
    "inputs": []
  },
  {
    "type": "function",
    "stateMutability": "view",
    "outputs": [{ "type": "address", "name": "", "internalType": "contract IReferral" }],
    "name": "referral",
    "inputs": []
  },
  {
    "type": "function",
    "stateMutability": "view",
    "outputs": [{ "type": "uint16", "name": "", "internalType": "uint16" }],
    "name": "referralCommissionRate",
    "inputs": []
  },
  {
    "type": "function",
    "stateMutability": "nonpayable",
    "outputs": [],
    "name": "renounceOwnership",
    "inputs": []
  },
  {
    "type": "function",
    "stateMutability": "nonpayable",
    "outputs": [],
    "name": "set",
    "inputs": [
      { "type": "uint256", "name": "_pid", "internalType": "uint256" },
      { "type": "uint256", "name": "_allocPoint", "internalType": "uint256" },
      { "type": "uint16", "name": "_depositFeeBP", "internalType": "uint16" }
    ]
  },
  {
    "type": "function",
    "stateMutability": "nonpayable",
    "outputs": [],
    "name": "setDevAddress",
    "inputs": [{ "type": "address", "name": "_devAddress", "internalType": "address" }]
  },
  {
    "type": "function",
    "stateMutability": "nonpayable",
    "outputs": [],
    "name": "setFeeAddress",
    "inputs": [{ "type": "address", "name": "_feeAddress", "internalType": "address" }]
  },
  {
    "type": "function",
    "stateMutability": "nonpayable",
    "outputs": [],
    "name": "setReferralAddress",
    "inputs": [{ "type": "address", "name": "_referral", "internalType": "contract IReferral" }]
  },
  {
    "type": "function",
    "stateMutability": "nonpayable",
    "outputs": [],
    "name": "setReferralCommissionRate",
    "inputs": [{ "type": "uint16", "name": "_referralCommissionRate", "internalType": "uint16" }]
  },
  {
    "type": "function",
    "stateMutability": "nonpayable",
    "outputs": [],
    "name": "setVaultAddress",
    "inputs": [{ "type": "address", "name": "_vaultAddress", "internalType": "address" }]
  },
  {
    "type": "function",
    "stateMutability": "view",
    "outputs": [{ "type": "uint256", "name": "", "internalType": "uint256" }],
    "name": "startBlock",
    "inputs": []
  },
  {
    "type": "function",
    "stateMutability": "view",
    "outputs": [{ "type": "uint256", "name": "", "internalType": "uint256" }],
    "name": "totalAllocPoint",
    "inputs": []
  },
  {
    "type": "function",
    "stateMutability": "nonpayable",
    "outputs": [],
    "name": "transferOwnership",
    "inputs": [{ "type": "address", "name": "newOwner", "internalType": "address" }]
  },
  {
    "type": "function",
    "stateMutability": "nonpayable",
    "outputs": [],
    "name": "updateEmissionRate",
    "inputs": [{ "type": "uint256", "name": "_fishPerBlock", "internalType": "uint256" }]
  },
  {
    "type": "function",
    "stateMutability": "nonpayable",
    "outputs": [],
    "name": "updatePool",
    "inputs": [{ "type": "uint256", "name": "_pid", "internalType": "uint256" }]
  },
  {
    "type": "function",
    "stateMutability": "nonpayable",
    "outputs": [],
    "name": "updateStartBlock",
    "inputs": [{ "type": "uint256", "name": "_startBlock", "internalType": "uint256" }]
  },
  {
    "type": "function",
    "stateMutability": "view",
    "outputs": [
      { "type": "uint256", "name": "amount", "internalType": "uint256" },
      { "type": "uint256", "name": "rewardDebt", "internalType": "uint256" }
    ],
    "name": "userInfo",
    "inputs": [
      { "type": "uint256", "name": "", "internalType": "uint256" },
      { "type": "address", "name": "", "internalType": "address" }
    ]
  },
  {
    "type": "function",
    "stateMutability": "view",
    "outputs": [{ "type": "address", "name": "", "internalType": "address" }],
    "name": "vaultAddress",
    "inputs": []
  },
  {
    "type": "function",
    "stateMutability": "nonpayable",
    "outputs": [],
    "name": "withdraw",
    "inputs": [
      { "type": "uint256", "name": "_pid", "internalType": "uint256" },
      { "type": "uint256", "name": "_amount", "internalType": "uint256" }
    ]
  }
]
