[
  {
    "inputs": [
      {
        "internalType": "address",
        "name": "governance_",
        "type": "address"
      },
      {
        "internalType": "address",
        "name": "solace_",
        "type": "address"
      },
      {
        "internalType": "address",
        "name": "xsLocker_",
        "type": "address"
      },
      {
        "internalType": "uint256",
        "name": "rewardPerSecond_",
        "type": "uint256"
      }
    ],
    "stateMutability": "nonpayable",
    "type": "constructor"
  },
  {
    "anonymous": false,
    "inputs": [
      {
        "indexed": false,
        "internalType": "uint256",
        "name": "startTime",
        "type": "uint256"
      },
      {
        "indexed": false,
        "internalType": "uint256",
        "name": "endTime",
        "type": "uint256"
      }
    ],
    "name": "FarmTimesSet",
    "type": "event"
  },
  {
    "anonymous": false,
    "inputs": [],
    "name": "GovernanceLocked",
    "type": "event"
  },
  {
    "anonymous": false,
    "inputs": [
      {
        "indexed": false,
        "internalType": "address",
        "name": "pendingGovernance",
        "type": "address"
      }
    ],
    "name": "GovernancePending",
    "type": "event"
  },
  {
    "anonymous": false,
    "inputs": [
      {
        "indexed": false,
        "internalType": "address",
        "name": "oldGovernance",
        "type": "address"
      },
      {
        "indexed": false,
        "internalType": "address",
        "name": "newGovernance",
        "type": "address"
      }
    ],
    "name": "GovernanceTransferred",
    "type": "event"
  },
  {
    "anonymous": false,
    "inputs": [
      {
        "indexed": true,
        "internalType": "uint256",
        "name": "xsLockID",
        "type": "uint256"
      }
    ],
    "name": "LockUpdated",
    "type": "event"
  },
  {
    "anonymous": false,
    "inputs": [
      {
        "indexed": false,
        "internalType": "uint256",
        "name": "rewardPerSecond",
        "type": "uint256"
      }
    ],
    "name": "RewardsSet",
    "type": "event"
  },
  {
    "anonymous": false,
    "inputs": [],
    "name": "Updated",
    "type": "event"
  },
  {
    "inputs": [],
    "name": "MAX_LOCK_DURATION",
    "outputs": [
      {
        "internalType": "uint256",
        "name": "",
        "type": "uint256"
      }
    ],
    "stateMutability": "view",
    "type": "function"
  },
  {
    "inputs": [],
    "name": "MAX_LOCK_MULTIPLIER_BPS",
    "outputs": [
      {
        "internalType": "uint256",
        "name": "",
        "type": "uint256"
      }
    ],
    "stateMutability": "view",
    "type": "function"
  },
  {
    "inputs": [],
    "name": "UNLOCKED_MULTIPLIER_BPS",
    "outputs": [
      {
        "internalType": "uint256",
        "name": "",
        "type": "uint256"
      }
    ],
    "stateMutability": "view",
    "type": "function"
  },
  {
    "inputs": [],
    "name": "accRewardPerShare",
    "outputs": [
      {
        "internalType": "uint256",
        "name": "",
        "type": "uint256"
      }
    ],
    "stateMutability": "view",
    "type": "function"
  },
  {
    "inputs": [],
    "name": "acceptGovernance",
    "outputs": [],
    "stateMutability": "nonpayable",
    "type": "function"
  },
  {
    "inputs": [
      {
        "internalType": "uint256",
        "name": "xsLockID",
        "type": "uint256"
      }
    ],
    "name": "compoundLock",
    "outputs": [],
    "stateMutability": "nonpayable",
    "type": "function"
  },
  {
    "inputs": [
      {
        "internalType": "uint256[]",
        "name": "xsLockIDs",
        "type": "uint256[]"
      },
      {
        "internalType": "uint256",
        "name": "increasedLockID",
        "type": "uint256"
      }
    ],
    "name": "compoundLocks",
    "outputs": [],
    "stateMutability": "nonpayable",
    "type": "function"
  },
  {
    "inputs": [],
    "name": "endTime",
    "outputs": [
      {
        "internalType": "uint256",
        "name": "",
        "type": "uint256"
      }
    ],
    "stateMutability": "view",
    "type": "function"
  },
  {
    "inputs": [
      {
        "internalType": "uint256",
        "name": "from",
        "type": "uint256"
      },
      {
        "internalType": "uint256",
        "name": "to",
        "type": "uint256"
      }
    ],
    "name": "getRewardAmountDistributed",
    "outputs": [
      {
        "internalType": "uint256",
        "name": "amount",
        "type": "uint256"
      }
    ],
    "stateMutability": "view",
    "type": "function"
  },
  {
    "inputs": [],
    "name": "governance",
    "outputs": [
      {
        "internalType": "address",
        "name": "",
        "type": "address"
      }
    ],
    "stateMutability": "view",
    "type": "function"
  },
  {
    "inputs": [],
    "name": "governanceIsLocked",
    "outputs": [
      {
        "internalType": "bool",
        "name": "",
        "type": "bool"
      }
    ],
    "stateMutability": "view",
    "type": "function"
  },
  {
    "inputs": [
      {
        "internalType": "uint256",
        "name": "xsLockID",
        "type": "uint256"
      }
    ],
    "name": "harvestLock",
    "outputs": [],
    "stateMutability": "nonpayable",
    "type": "function"
  },
  {
    "inputs": [
      {
        "internalType": "uint256[]",
        "name": "xsLockIDs",
        "type": "uint256[]"
      }
    ],
    "name": "harvestLocks",
    "outputs": [],
    "stateMutability": "nonpayable",
    "type": "function"
  },
  {
    "inputs": [],
    "name": "lastRewardTime",
    "outputs": [
      {
        "internalType": "uint256",
        "name": "",
        "type": "uint256"
      }
    ],
    "stateMutability": "view",
    "type": "function"
  },
  {
    "inputs": [],
    "name": "lockGovernance",
    "outputs": [],
    "stateMutability": "nonpayable",
    "type": "function"
  },
  {
    "inputs": [],
    "name": "pendingGovernance",
    "outputs": [
      {
        "internalType": "address",
        "name": "",
        "type": "address"
      }
    ],
    "stateMutability": "view",
    "type": "function"
  },
  {
    "inputs": [
      {
        "internalType": "uint256",
        "name": "xsLockID",
        "type": "uint256"
      }
    ],
    "name": "pendingRewardsOfLock",
    "outputs": [
      {
        "internalType": "uint256",
        "name": "reward",
        "type": "uint256"
      }
    ],
    "stateMutability": "view",
    "type": "function"
  },
  {
    "inputs": [
      {
        "internalType": "uint256",
        "name": "xsLockID",
        "type": "uint256"
      },
      {
        "internalType": "address",
        "name": "oldOwner",
        "type": "address"
      },
      {
        "internalType": "address",
        "name": "newOwner",
        "type": "address"
      },
      {
        "components": [
          {
            "internalType": "uint256",
            "name": "amount",
            "type": "uint256"
          },
          {
            "internalType": "uint256",
            "name": "end",
            "type": "uint256"
          }
        ],
        "internalType": "struct Lock",
        "name": "oldLock",
        "type": "tuple"
      },
      {
        "components": [
          {
            "internalType": "uint256",
            "name": "amount",
            "type": "uint256"
          },
          {
            "internalType": "uint256",
            "name": "end",
            "type": "uint256"
          }
        ],
        "internalType": "struct Lock",
        "name": "newLock",
        "type": "tuple"
      }
    ],
    "name": "registerLockEvent",
    "outputs": [],
    "stateMutability": "nonpayable",
    "type": "function"
  },
  {
    "inputs": [
      {
        "internalType": "address",
        "name": "token",
        "type": "address"
      },
      {
        "internalType": "uint256",
        "name": "amount",
        "type": "uint256"
      },
      {
        "internalType": "address",
        "name": "receiver",
        "type": "address"
      }
    ],
    "name": "rescueTokens",
    "outputs": [],
    "stateMutability": "nonpayable",
    "type": "function"
  },
  {
    "inputs": [],
    "name": "rewardPerSecond",
    "outputs": [
      {
        "internalType": "uint256",
        "name": "",
        "type": "uint256"
      }
    ],
    "stateMutability": "view",
    "type": "function"
  },
  {
    "inputs": [
      {
        "internalType": "address",
        "name": "pendingGovernance_",
        "type": "address"
      }
    ],
    "name": "setPendingGovernance",
    "outputs": [],
    "stateMutability": "nonpayable",
    "type": "function"
  },
  {
    "inputs": [
      {
        "internalType": "uint256",
        "name": "rewardPerSecond_",
        "type": "uint256"
      }
    ],
    "name": "setRewards",
    "outputs": [],
    "stateMutability": "nonpayable",
    "type": "function"
  },
  {
    "inputs": [
      {
        "internalType": "uint256",
        "name": "startTime_",
        "type": "uint256"
      },
      {
        "internalType": "uint256",
        "name": "endTime_",
        "type": "uint256"
      }
    ],
    "name": "setTimes",
    "outputs": [],
    "stateMutability": "nonpayable",
    "type": "function"
  },
  {
    "inputs": [],
    "name": "solace",
    "outputs": [
      {
        "internalType": "address",
        "name": "",
        "type": "address"
      }
    ],
    "stateMutability": "view",
    "type": "function"
  },
  {
    "inputs": [
      {
        "internalType": "uint256",
        "name": "xsLockID",
        "type": "uint256"
      }
    ],
    "name": "stakedLockInfo",
    "outputs": [
      {
        "components": [
          {
            "internalType": "uint256",
            "name": "value",
            "type": "uint256"
          },
          {
            "internalType": "uint256",
            "name": "rewardDebt",
            "type": "uint256"
          },
          {
            "internalType": "uint256",
            "name": "unpaidRewards",
            "type": "uint256"
          },
          {
            "internalType": "address",
            "name": "owner",
            "type": "address"
          }
        ],
        "internalType": "struct IStakingRewards.StakedLockInfo",
        "name": "",
        "type": "tuple"
      }
    ],
    "stateMutability": "view",
    "type": "function"
  },
  {
    "inputs": [],
    "name": "startTime",
    "outputs": [
      {
        "internalType": "uint256",
        "name": "",
        "type": "uint256"
      }
    ],
    "stateMutability": "view",
    "type": "function"
  },
  {
    "inputs": [],
    "name": "update",
    "outputs": [],
    "stateMutability": "nonpayable",
    "type": "function"
  },
  {
    "inputs": [],
    "name": "valueStaked",
    "outputs": [
      {
        "internalType": "uint256",
        "name": "",
        "type": "uint256"
      }
    ],
    "stateMutability": "view",
    "type": "function"
  },
  {
    "inputs": [],
    "name": "xsLocker",
    "outputs": [
      {
        "internalType": "address",
        "name": "",
        "type": "address"
      }
    ],
    "stateMutability": "view",
    "type": "function"
  }
]
