[
  {
    "type": "constructor",
    "stateMutability": "nonpayable",
    "inputs": [
      { "type": "address", "name": "_strategy", "internalType": "contract IStrategy" },
      { "type": "string", "name": "_name", "internalType": "string" },
      { "type": "string", "name": "_symbol", "internalType": "string" },
      { "type": "uint256", "name": "_approvalDelay", "internalType": "uint256" }
    ]
  },
  {
    "type": "event",
    "name": "Approval",
    "inputs": [
      { "type": "address", "name": "owner", "internalType": "address", "indexed": true },
      { "type": "address", "name": "spender", "internalType": "address", "indexed": true },
      { "type": "uint256", "name": "value", "internalType": "uint256", "indexed": false }
    ],
    "anonymous": false
  },
  {
    "type": "event",
    "name": "NewStratCandidate",
    "inputs": [
      { "type": "address", "name": "implementation", "internalType": "address", "indexed": false }
    ],
    "anonymous": false
  },
  {
    "type": "event",
    "name": "OwnershipTransferred",
    "inputs": [
      { "type": "address", "name": "previousOwner", "internalType": "address", "indexed": true },
      { "type": "address", "name": "newOwner", "internalType": "address", "indexed": true }
    ],
    "anonymous": false
  },
  {
    "type": "event",
    "name": "Transfer",
    "inputs": [
      { "type": "address", "name": "from", "internalType": "address", "indexed": true },
      { "type": "address", "name": "to", "internalType": "address", "indexed": true },
      { "type": "uint256", "name": "value", "internalType": "uint256", "indexed": false }
    ],
    "anonymous": false
  },
  {
    "type": "event",
    "name": "UpgradeStrat",
    "inputs": [
      { "type": "address", "name": "implementation", "internalType": "address", "indexed": false }
    ],
    "anonymous": false
  },
  {
    "type": "function",
    "stateMutability": "view",
    "outputs": [{ "type": "uint256", "name": "", "internalType": "uint256" }],
    "name": "allowance",
    "inputs": [
      { "type": "address", "name": "owner", "internalType": "address" },
      { "type": "address", "name": "spender", "internalType": "address" }
    ]
  },
  {
    "type": "function",
    "stateMutability": "view",
    "outputs": [{ "type": "uint256", "name": "", "internalType": "uint256" }],
    "name": "approvalDelay",
    "inputs": []
  },
  {
    "type": "function",
    "stateMutability": "nonpayable",
    "outputs": [{ "type": "bool", "name": "", "internalType": "bool" }],
    "name": "approve",
    "inputs": [
      { "type": "address", "name": "spender", "internalType": "address" },
      { "type": "uint256", "name": "amount", "internalType": "uint256" }
    ]
  },
  {
    "type": "function",
    "stateMutability": "view",
    "outputs": [{ "type": "uint256", "name": "", "internalType": "uint256" }],
    "name": "available",
    "inputs": []
  },
  {
    "type": "function",
    "stateMutability": "view",
    "outputs": [{ "type": "uint256", "name": "", "internalType": "uint256" }],
    "name": "balance",
    "inputs": []
  },
  {
    "type": "function",
    "stateMutability": "view",
    "outputs": [{ "type": "uint256", "name": "", "internalType": "uint256" }],
    "name": "balanceOf",
    "inputs": [{ "type": "address", "name": "account", "internalType": "address" }]
  },
  {
    "type": "function",
    "stateMutability": "view",
    "outputs": [{ "type": "uint8", "name": "", "internalType": "uint8" }],
    "name": "decimals",
    "inputs": []
  },
  {
    "type": "function",
    "stateMutability": "nonpayable",
    "outputs": [{ "type": "bool", "name": "", "internalType": "bool" }],
    "name": "decreaseAllowance",
    "inputs": [
      { "type": "address", "name": "spender", "internalType": "address" },
      { "type": "uint256", "name": "subtractedValue", "internalType": "uint256" }
    ]
  },
  {
    "type": "function",
    "stateMutability": "nonpayable",
    "outputs": [],
    "name": "deposit",
    "inputs": [{ "type": "uint256", "name": "_amount", "internalType": "uint256" }]
  },
  {
    "type": "function",
    "stateMutability": "nonpayable",
    "outputs": [],
    "name": "depositAll",
    "inputs": []
  },
  {
    "type": "function",
    "stateMutability": "nonpayable",
    "outputs": [],
    "name": "earn",
    "inputs": []
  },
  {
    "type": "function",
    "stateMutability": "view",
    "outputs": [{ "type": "uint256", "name": "", "internalType": "uint256" }],
    "name": "getPricePerFullShare",
    "inputs": []
  },
  {
    "type": "function",
    "stateMutability": "nonpayable",
    "outputs": [],
    "name": "inCaseTokensGetStuck",
    "inputs": [{ "type": "address", "name": "_token", "internalType": "address" }]
  },
  {
    "type": "function",
    "stateMutability": "nonpayable",
    "outputs": [{ "type": "bool", "name": "", "internalType": "bool" }],
    "name": "increaseAllowance",
    "inputs": [
      { "type": "address", "name": "spender", "internalType": "address" },
      { "type": "uint256", "name": "addedValue", "internalType": "uint256" }
    ]
  },
  {
    "type": "function",
    "stateMutability": "view",
    "outputs": [{ "type": "string", "name": "", "internalType": "string" }],
    "name": "name",
    "inputs": []
  },
  {
    "type": "function",
    "stateMutability": "view",
    "outputs": [{ "type": "address", "name": "", "internalType": "address" }],
    "name": "owner",
    "inputs": []
  },
  {
    "type": "function",
    "stateMutability": "nonpayable",
    "outputs": [],
    "name": "proposeStrat",
    "inputs": [{ "type": "address", "name": "_implementation", "internalType": "address" }]
  },
  {
    "type": "function",
    "stateMutability": "nonpayable",
    "outputs": [],
    "name": "renounceOwnership",
    "inputs": []
  },
  {
    "type": "function",
    "stateMutability": "view",
    "outputs": [
      { "type": "address", "name": "implementation", "internalType": "address" },
      { "type": "uint256", "name": "proposedTime", "internalType": "uint256" }
    ],
    "name": "stratCandidate",
    "inputs": []
  },
  {
    "type": "function",
    "stateMutability": "view",
    "outputs": [{ "type": "address", "name": "", "internalType": "contract IStrategy" }],
    "name": "strategy",
    "inputs": []
  },
  {
    "type": "function",
    "stateMutability": "view",
    "outputs": [{ "type": "string", "name": "", "internalType": "string" }],
    "name": "symbol",
    "inputs": []
  },
  {
    "type": "function",
    "stateMutability": "view",
    "outputs": [{ "type": "uint256", "name": "", "internalType": "uint256" }],
    "name": "totalSupply",
    "inputs": []
  },
  {
    "type": "function",
    "stateMutability": "nonpayable",
    "outputs": [{ "type": "bool", "name": "", "internalType": "bool" }],
    "name": "transfer",
    "inputs": [
      { "type": "address", "name": "recipient", "internalType": "address" },
      { "type": "uint256", "name": "amount", "internalType": "uint256" }
    ]
  },
  {
    "type": "function",
    "stateMutability": "nonpayable",
    "outputs": [{ "type": "bool", "name": "", "internalType": "bool" }],
    "name": "transferFrom",
    "inputs": [
      { "type": "address", "name": "sender", "internalType": "address" },
      { "type": "address", "name": "recipient", "internalType": "address" },
      { "type": "uint256", "name": "amount", "internalType": "uint256" }
    ]
  },
  {
    "type": "function",
    "stateMutability": "nonpayable",
    "outputs": [],
    "name": "transferOwnership",
    "inputs": [{ "type": "address", "name": "newOwner", "internalType": "address" }]
  },
  {
    "type": "function",
    "stateMutability": "nonpayable",
    "outputs": [],
    "name": "upgradeStrat",
    "inputs": []
  },
  {
    "type": "function",
    "stateMutability": "view",
    "outputs": [{ "type": "address", "name": "", "internalType": "contract IERC20" }],
    "name": "want",
    "inputs": []
  },
  {
    "type": "function",
    "stateMutability": "nonpayable",
    "outputs": [],
    "name": "withdraw",
    "inputs": [{ "type": "uint256", "name": "_shares", "internalType": "uint256" }]
  },
  {
    "type": "function",
    "stateMutability": "nonpayable",
    "outputs": [],
    "name": "withdrawAll",
    "inputs": []
  }
]
