[
  {
    "type": "constructor",
    "stateMutability": "nonpayable",
    "inputs": [
      { "type": "address", "name": "_want", "internalType": "address" },
      { "type": "address", "name": "_rewardPool", "internalType": "address" },
      { "type": "address", "name": "_secondOutput", "internalType": "address" },
      { "type": "address", "name": "_vault", "internalType": "address" },
      { "type": "address", "name": "_unirouter", "internalType": "address" },
      { "type": "address", "name": "_keeper", "internalType": "address" },
      { "type": "address", "name": "_strategist", "internalType": "address" },
      { "type": "address", "name": "_beefyFeeRecipient", "internalType": "address" }
    ]
  },
  {
    "type": "event",
    "name": "OwnershipTransferred",
    "inputs": [
      { "type": "address", "name": "previousOwner", "internalType": "address", "indexed": true },
      { "type": "address", "name": "newOwner", "internalType": "address", "indexed": true }
    ],
    "anonymous": false
  },
  {
    "type": "event",
    "name": "Paused",
    "inputs": [
      { "type": "address", "name": "account", "internalType": "address", "indexed": false }
    ],
    "anonymous": false
  },
  {
    "type": "event",
    "name": "StratHarvest",
    "inputs": [
      { "type": "address", "name": "harvester", "internalType": "address", "indexed": true }
    ],
    "anonymous": false
  },
  {
    "type": "event",
    "name": "Unpaused",
    "inputs": [
      { "type": "address", "name": "account", "internalType": "address", "indexed": false }
    ],
    "anonymous": false
  },
  {
    "type": "function",
    "stateMutability": "view",
    "outputs": [{ "type": "uint256", "name": "", "internalType": "uint256" }],
    "name": "MAX_CALL_FEE",
    "inputs": []
  },
  {
    "type": "function",
    "stateMutability": "view",
    "outputs": [{ "type": "uint256", "name": "", "internalType": "uint256" }],
    "name": "MAX_FEE",
    "inputs": []
  },
  {
    "type": "function",
    "stateMutability": "view",
    "outputs": [{ "type": "uint256", "name": "", "internalType": "uint256" }],
    "name": "STRATEGIST_FEE",
    "inputs": []
  },
  {
    "type": "function",
    "stateMutability": "view",
    "outputs": [{ "type": "uint256", "name": "", "internalType": "uint256" }],
    "name": "WITHDRAWAL_FEE_CAP",
    "inputs": []
  },
  {
    "type": "function",
    "stateMutability": "view",
    "outputs": [{ "type": "uint256", "name": "", "internalType": "uint256" }],
    "name": "WITHDRAWAL_MAX",
    "inputs": []
  },
  {
    "type": "function",
    "stateMutability": "view",
    "outputs": [{ "type": "uint256", "name": "", "internalType": "uint256" }],
    "name": "balanceOf",
    "inputs": []
  },
  {
    "type": "function",
    "stateMutability": "view",
    "outputs": [{ "type": "uint256", "name": "", "internalType": "uint256" }],
    "name": "balanceOfPool",
    "inputs": []
  },
  {
    "type": "function",
    "stateMutability": "view",
    "outputs": [{ "type": "uint256", "name": "", "internalType": "uint256" }],
    "name": "balanceOfWant",
    "inputs": []
  },
  {
    "type": "function",
    "stateMutability": "view",
    "outputs": [{ "type": "uint256", "name": "", "internalType": "uint256" }],
    "name": "beefyFee",
    "inputs": []
  },
  {
    "type": "function",
    "stateMutability": "view",
    "outputs": [{ "type": "address", "name": "", "internalType": "address" }],
    "name": "beefyFeeRecipient",
    "inputs": []
  },
  {
    "type": "function",
    "stateMutability": "nonpayable",
    "outputs": [],
    "name": "beforeDeposit",
    "inputs": []
  },
  {
    "type": "function",
    "stateMutability": "view",
    "outputs": [{ "type": "uint256", "name": "", "internalType": "uint256" }],
    "name": "callFee",
    "inputs": []
  },
  {
    "type": "function",
    "stateMutability": "nonpayable",
    "outputs": [],
    "name": "deposit",
    "inputs": []
  },
  {
    "type": "function",
    "stateMutability": "view",
    "outputs": [{ "type": "address", "name": "", "internalType": "address" }],
    "name": "eth",
    "inputs": []
  },
  {
    "type": "function",
    "stateMutability": "nonpayable",
    "outputs": [],
    "name": "harvest",
    "inputs": []
  },
  {
    "type": "function",
    "stateMutability": "view",
    "outputs": [{ "type": "address", "name": "", "internalType": "address" }],
    "name": "keeper",
    "inputs": []
  },
  {
    "type": "function",
    "stateMutability": "view",
    "outputs": [{ "type": "address", "name": "", "internalType": "address" }],
    "name": "lpToken0",
    "inputs": []
  },
  {
    "type": "function",
    "stateMutability": "view",
    "outputs": [{ "type": "address", "name": "", "internalType": "address" }],
    "name": "lpToken1",
    "inputs": []
  },
  {
    "type": "function",
    "stateMutability": "view",
    "outputs": [{ "type": "address", "name": "", "internalType": "address" }],
    "name": "matic",
    "inputs": []
  },
  {
    "type": "function",
    "stateMutability": "view",
    "outputs": [{ "type": "address", "name": "", "internalType": "address" }],
    "name": "output",
    "inputs": []
  },
  {
    "type": "function",
    "stateMutability": "view",
    "outputs": [{ "type": "address", "name": "", "internalType": "address" }],
    "name": "outputToLp0Route",
    "inputs": [{ "type": "uint256", "name": "", "internalType": "uint256" }]
  },
  {
    "type": "function",
    "stateMutability": "view",
    "outputs": [{ "type": "address", "name": "", "internalType": "address" }],
    "name": "outputToLp1Route",
    "inputs": [{ "type": "uint256", "name": "", "internalType": "uint256" }]
  },
  {
    "type": "function",
    "stateMutability": "view",
    "outputs": [{ "type": "address", "name": "", "internalType": "address" }],
    "name": "outputToMaticRoute",
    "inputs": [{ "type": "uint256", "name": "", "internalType": "uint256" }]
  },
  {
    "type": "function",
    "stateMutability": "view",
    "outputs": [{ "type": "address", "name": "", "internalType": "address" }],
    "name": "owner",
    "inputs": []
  },
  {
    "type": "function",
    "stateMutability": "nonpayable",
    "outputs": [],
    "name": "panic",
    "inputs": []
  },
  {
    "type": "function",
    "stateMutability": "nonpayable",
    "outputs": [],
    "name": "pause",
    "inputs": []
  },
  {
    "type": "function",
    "stateMutability": "view",
    "outputs": [{ "type": "bool", "name": "", "internalType": "bool" }],
    "name": "paused",
    "inputs": []
  },
  {
    "type": "function",
    "stateMutability": "nonpayable",
    "outputs": [],
    "name": "renounceOwnership",
    "inputs": []
  },
  {
    "type": "function",
    "stateMutability": "nonpayable",
    "outputs": [],
    "name": "retireStrat",
    "inputs": []
  },
  {
    "type": "function",
    "stateMutability": "view",
    "outputs": [{ "type": "address", "name": "", "internalType": "address" }],
    "name": "rewardPool",
    "inputs": []
  },
  {
    "type": "function",
    "stateMutability": "view",
    "outputs": [{ "type": "address", "name": "", "internalType": "address" }],
    "name": "secondOutput",
    "inputs": []
  },
  {
    "type": "function",
    "stateMutability": "view",
    "outputs": [{ "type": "address", "name": "", "internalType": "address" }],
    "name": "secondOutputToOutputRoute",
    "inputs": [{ "type": "uint256", "name": "", "internalType": "uint256" }]
  },
  {
    "type": "function",
    "stateMutability": "nonpayable",
    "outputs": [],
    "name": "setBeefyFeeRecipient",
    "inputs": [{ "type": "address", "name": "_beefyFeeRecipient", "internalType": "address" }]
  },
  {
    "type": "function",
    "stateMutability": "nonpayable",
    "outputs": [],
    "name": "setCallFee",
    "inputs": [{ "type": "uint256", "name": "_fee", "internalType": "uint256" }]
  },
  {
    "type": "function",
    "stateMutability": "nonpayable",
    "outputs": [],
    "name": "setKeeper",
    "inputs": [{ "type": "address", "name": "_keeper", "internalType": "address" }]
  },
  {
    "type": "function",
    "stateMutability": "nonpayable",
    "outputs": [],
    "name": "setStrategist",
    "inputs": [{ "type": "address", "name": "_strategist", "internalType": "address" }]
  },
  {
    "type": "function",
    "stateMutability": "nonpayable",
    "outputs": [],
    "name": "setUnirouter",
    "inputs": [{ "type": "address", "name": "_unirouter", "internalType": "address" }]
  },
  {
    "type": "function",
    "stateMutability": "nonpayable",
    "outputs": [],
    "name": "setVault",
    "inputs": [{ "type": "address", "name": "_vault", "internalType": "address" }]
  },
  {
    "type": "function",
    "stateMutability": "nonpayable",
    "outputs": [],
    "name": "setWithdrawalFee",
    "inputs": [{ "type": "uint256", "name": "_fee", "internalType": "uint256" }]
  },
  {
    "type": "function",
    "stateMutability": "view",
    "outputs": [{ "type": "address", "name": "", "internalType": "address" }],
    "name": "strategist",
    "inputs": []
  },
  {
    "type": "function",
    "stateMutability": "nonpayable",
    "outputs": [],
    "name": "transferOwnership",
    "inputs": [{ "type": "address", "name": "newOwner", "internalType": "address" }]
  },
  {
    "type": "function",
    "stateMutability": "view",
    "outputs": [{ "type": "address", "name": "", "internalType": "address" }],
    "name": "unirouter",
    "inputs": []
  },
  {
    "type": "function",
    "stateMutability": "nonpayable",
    "outputs": [],
    "name": "unpause",
    "inputs": []
  },
  {
    "type": "function",
    "stateMutability": "view",
    "outputs": [{ "type": "address", "name": "", "internalType": "address" }],
    "name": "vault",
    "inputs": []
  },
  {
    "type": "function",
    "stateMutability": "view",
    "outputs": [{ "type": "address", "name": "", "internalType": "address" }],
    "name": "want",
    "inputs": []
  },
  {
    "type": "function",
    "stateMutability": "nonpayable",
    "outputs": [],
    "name": "withdraw",
    "inputs": [{ "type": "uint256", "name": "_amount", "internalType": "uint256" }]
  },
  {
    "type": "function",
    "stateMutability": "view",
    "outputs": [{ "type": "uint256", "name": "", "internalType": "uint256" }],
    "name": "withdrawalFee",
    "inputs": []
  }
]
