{
  "name": "Quickswap Token List",
  "timestamp": "2021-05-19T15:02:51.626Z",
  "version": {
    "major": 1,
    "minor": 0,
    "patch": 59
  },
  "tags": {},
  "logoURI": "ipfs://QmQ9GCVmLQkbPohxKeCYkbpmwfTvHXrY64TmBsPQAZdbqZ",
  "keywords": ["uniswap", "default"],
  "tokens": [
    {
      "name": "decentral.games",
      "address": "0x2a93172c8DCCbfBC60a39d56183B7279a2F647b4",
      "symbol": "$DG",
      "decimals": 18,
      "chainId": 137,
      "logoURI": "https://raw.githubusercontent.com/sameepsi/quickswap-default-token-list/master/assets/dg.jpg"
    },
    {
      "name": "0xBitcoin Token",
      "address": "0x71B821aa52a49F32EEd535fCA6Eb5aa130085978",
      "symbol": "0xBTC",
      "decimals": 8,
      "chainId": 137,
      "logoURI": "https://raw.githubusercontent.com/trustwallet/assets/master/blockchains/ethereum/assets/0xB6eD7644C69416d67B522e20bC294A9a9B405B31/logo.png"
    },
    {
      "name": "Aave",
      "address": "0xD6DF932A45C0f255f85145f286eA0b292B21C90B",
      "symbol": "AAVE",
      "decimals": 18,
      "chainId": 137,
      "logoURI": "https://etherscan.io/token/images/aave_32.png"
    },
    {
      "name": "AGA Token",
      "address": "0x033d942A6b495C4071083f4CDe1f17e986FE856c",
      "symbol": "AGA",
      "decimals": 4,
      "chainId": 137,
      "logoURI": "https://i.imgur.com/R0aQlym.png"
    },
    {
      "name": "AGA Rewards",
      "address": "0xF84BD51eab957c2e7B7D646A3427C5A50848281D",
      "symbol": "AGAr",
      "decimals": 8,
      "chainId": 137,
      "logoURI": "https://i.imgur.com/06BkcTT.png"
    },
    {
      "name": "Anyswap",
      "address": "0x6aB6d61428fde76768D7b45D8BFeec19c6eF91A8",
      "symbol": "ANY",
      "decimals": 18,
      "chainId": 137,
      "logoURI": "https://raw.githubusercontent.com/anyswap/Brand-assets/master/logo/c-128-white.svg"
    },
    {
      "name": "ARIANEE",
      "address": "0x46F48FbdedAa6F5500993BEDE9539ef85F4BeE8e",
      "symbol": "ARIA20",
      "decimals": 18,
      "chainId": 137,
      "logoURI": "https://aria.fyi/images/Aria_Logo_256.png"
    },
    {
      "name": "DokiDokiAzuki",
      "address": "0x7CdC0421469398e0F3aA8890693d86c840Ac8931",
      "symbol": "AZUKI",
      "decimals": 18,
      "chainId": 137,
      "logoURI": "https://raw.githubusercontent.com/sameepsi/quickswap-default-token-list/master/assets/azuki.png"
    },
    {
      "name": "beefy.finance",
      "address": "0xFbdd194376de19a88118e84E279b977f165d01b8",
      "symbol": "BIFI",
      "decimals": 18,
      "chainId": 137,
      "logoURI": "https://raw.githubusercontent.com/beefyfinance/beefy-app/prod/src/images/single-assets/BIFI.png"
    },
    {
      "name": "BTU Protocol",
      "address": "0xFdc26CDA2d2440d0E83CD1DeE8E8bE48405806DC",
      "symbol": "BTU",
      "decimals": 18,
      "chainId": 137,
      "logoURI": "https://raw.githubusercontent.com/trustwallet/assets/master/blockchains/ethereum/assets/0xb683D83a532e2Cb7DFa5275eED3698436371cc9f/logo.png"
    },
    {
      "name": "Cryptocurrency Top Tokens Index",
      "address": "0x9c49BA0212Bb5Db371e66b59D1565b7c06E4894e",
      "symbol": "CC10",
      "decimals": 18,
      "chainId": 137,
      "logoURI": "https://etherscan.io/token/images/indexed-cc10_32.png"
    },
    {
      "name": "Celsius",
      "address": "0xD85d1e945766Fea5Eda9103F918Bd915FbCa63E6",
      "symbol": "CEL",
      "decimals": 4,
      "chainId": 137,
      "logoURI": "https://assets.coingecko.com/coins/images/3263/small/CEL_logo.png?1609598753"
    },
    {
      "name": "CyberFi Token",
      "address": "0xeCf8f2FA183b1C4d2A269BF98A54fCe86C812d3e",
      "symbol": "CFI",
      "decimals": 18,
      "chainId": 137,
      "logoURI": "https://i.imgur.com/Z8V1O7H.png"
    },
    {
      "name": "Compound",
      "address": "0x8505b9d2254A7Ae468c0E9dd10Ccea3A837aef5c",
      "symbol": "COMP",
      "decimals": 18,
      "chainId": 137,
      "logoURI": "https://raw.githubusercontent.com/trustwallet/assets/master/blockchains/ethereum/assets/0xc00e94Cb662C3520282E6f5717214004A7f26888/logo.png"
    },
    {
      "name": "Cartesi Token",
      "address": "0x2727Ab1c2D22170ABc9b595177B2D5C6E1Ab7B7B",
      "symbol": "CTSI",
      "decimals": 18,
      "chainId": 137,
      "logoURI": "https://i.imgur.com/q3SnElh.png"
    },
    {
      "name": "Dai Stablecoin",
      "address": "0x8f3Cf7ad23Cd3CaDbD9735AFf958023239c6A063",
      "symbol": "DAI",
      "decimals": 18,
      "chainId": 137,
      "logoURI": "https://raw.githubusercontent.com/trustwallet/assets/master/blockchains/ethereum/assets/0x6B175474E89094C44Da98b954EedeAC495271d0F/logo.png"
    },
    {
      "name": "Dark.Build",
      "address": "0x0e59D50adD2d90f5111aca875baE0a72D95B4762",
      "symbol": "DB",
      "decimals": 18,
      "chainId": 137,
      "logoURI": "https://dark-build.app/logo192.png"
    },
    {
      "name": "DEFI Top 5 Tokens Index",
      "address": "0x42435F467D33e5C4146a4E8893976ef12BBCE762",
      "symbol": "DEFI5",
      "decimals": 18,
      "chainId": 137,
      "logoURI": "https://i.imgur.com/uVGtugL.png"
    },
    {
      "name": "DEGEN Index",
      "address": "0x8a2870fb69A90000D6439b7aDfB01d4bA383A415",
      "symbol": "DEGEN",
      "decimals": 18,
      "chainId": 137,
      "logoURI": "https://raw.githubusercontent.com/sameepsi/quickswap-default-token-list/master/assets/DEGEN_LOGO.png"
    },
    {
      "name": "Dark Matter Token",
      "address": "0xd28449BB9bB659725aCcAd52947677ccE3719fD7",
      "symbol": "DMT",
      "decimals": 18,
      "chainId": 137,
      "logoURI": "https://darkmatter.finance/i/favicon/512x512.png"
    },
    {
      "name": "Digital Reserve Currency",
      "address": "0xFeD16c746CB5BFeD009730f9E3e6A673006105c7",
      "symbol": "DRC",
      "decimals": 0,
      "chainId": 137,
      "logoURI": "https://pbs.twimg.com/profile_images/1318783238291292160/R4DxXdRA_400x400.jpg"
    },
    {
      "name": "DSLA",
      "address": "0xa0E390e9ceA0D0e8cd40048ced9fA9EA10D71639",
      "symbol": "DSLA",
      "decimals": 18,
      "chainId": 137,
      "logoURI": "https://storage.googleapis.com/stacktical-public/dsla.png"
    },
    {
      "name": "Elementeum",
      "address": "0x07738Eb4ce8932CA961c815Cb12C9d4ab5Bd0Da4",
      "symbol": "ELET",
      "decimals": 18,
      "chainId": 137,
      "logoURI": "https://etherlegends.com/ELET.png"
    },
    {
      "name": "EthermonToken",
      "address": "0xd6A5aB46ead26f49b03bBB1F9EB1Ad5c1767974a",
      "symbol": "EMON",
      "decimals": 18,
      "chainId": 137,
      "logoURI": "https://s2.coinmarketcap.com/static/img/coins/64x64/9651.png"
    },
    {
      "name": "Ether",
      "address": "0x7ceB23fD6bC0adD59E62ac25578270cFf1b9f619",
      "symbol": "ETH",
      "decimals": 18,
      "chainId": 137,
      "logoURI": "https://raw.githubusercontent.com/trustwallet/assets/master/blockchains/ethereum/assets/0xC02aaA39b223FE8D0A0e5C4F27eAD9083C756Cc2/logo.png"
    },
    {
      "name": "Fish",
      "address": "0x3a3Df212b7AA91Aa0402B9035b098891d276572B",
      "symbol": "FISH",
      "decimals": 18,
      "chainId": 137,
      "logoURI": "https://i.imgur.com/ncleoTN.png"
    },
    {
      "name": "Frax",
      "address": "0x104592a158490a9228070E0A8e5343B499e125D0",
      "symbol": "FRAX",
      "decimals": 18,
      "chainId": 137,
      "logoURI": "https://avatars.githubusercontent.com/u/56005256?s=200&v=4"
    },
    {
      "name": "Fusion",
      "address": "0x2bF9b864cdc97b08B6D79ad4663e71B8aB65c45c",
      "symbol": "FSN",
      "decimals": 18,
      "chainId": 137,
      "logoURI": "https://cryptologos.cc/logos/fusion-fsn-logo.png?v=010"
    },
    {
      "name": "Frax Share",
      "address": "0x3e121107F6F22DA4911079845a470757aF4e1A1b",
      "symbol": "FXS",
      "decimals": 18,
      "chainId": 137,
      "logoURI": "https://avatars.githubusercontent.com/u/56005256?s=200&v=4"
    },
    {
      "name": "GAME Credits",
      "address": "0x8d1566569d5b695d44a9a234540f68D393cDC40D",
      "symbol": "GAME",
      "decimals": 18,
      "chainId": 137,
      "logoURI": "https://i.imgur.com/IIUglm9.png?1"
    },
    {
      "name": "Gains V2",
      "address": "0x7075cAB6bCCA06613e2d071bd918D1a0241379E2",
      "symbol": "GFARM2",
      "decimals": 18,
      "chainId": 137,
      "logoURI": "https://gains.farm/images/logo256.png"
    },
    {
      "name": "Aavegotchi GHST Token",
      "address": "0x385Eeac5cB85A38A9a07A70c73e0a3271CfB54A7",
      "symbol": "GHST",
      "decimals": 18,
      "chainId": 137,
      "logoURI": "https://aavegotchi.com/images/ghsttoken.svg"
    },
    {
      "name": "HEXX",
      "address": "0x23D29D30e35C5e8D321e1dc9A8a61BFD846D4C5C",
      "symbol": "HEX",
      "decimals": 8,
      "chainId": 137,
      "logoURI": "https://hex.com/favicon.png"
    },
    {
      "name": "Holyheld",
      "address": "0x521CddC0CBa84F14c69C1E99249F781AA73Ee0BC",
      "symbol": "HH",
      "decimals": 18,
      "chainId": 137,
      "logoURI": "https://assets.coingecko.com/coins/images/13719/small/hh.png?1611137626"
    },
    {
      "name": "iFARM",
      "address": "0xab0b2ddB9C7e440fAc8E140A89c0dbCBf2d7Bbff",
      "symbol": "iFARM",
      "decimals": 18,
      "chainId": 137,
      "logoURI": "https://raw.githubusercontent.com/harvestfi/assets/main/farm-logo.png"
    },
    {
      "name": "IG Gold",
      "address": "0xe6FC6C7CB6d2c31b359A49A33eF08aB87F4dE7CE",
      "symbol": "IGG",
      "decimals": 6,
      "chainId": 137,
      "logoURI": "https://assets.coingecko.com/coins/images/7697/small/N7aEdYrY_400x400.png?1561587437"
    },
    {
      "name": "Krill",
      "address": "0x05089C9EBFFa4F0AcA269e32056b1b36B37ED71b",
      "symbol": "Krill",
      "decimals": 18,
      "chainId": 137,
      "logoURI": "https://i.imgur.com/REyP9yh.jpg"
    },
    {
      "name": "EthLend Token",
      "address": "0x313d009888329C9d1cf4f75CA3f32566335bd604",
      "symbol": "LEND",
      "decimals": 18,
      "chainId": 137,
      "logoURI": "https://raw.githubusercontent.com/trustwallet/assets/master/blockchains/ethereum/assets/0x80fB784B7eD66730e8b1DBd9820aFD29931aab03/logo.png"
    },
    {
      "name": "ChainLink Token",
      "address": "0x53E0bca35eC356BD5ddDFebbD1Fc0fD03FaBad39",
      "symbol": "LINK",
      "decimals": 18,
      "chainId": 137,
      "logoURI": "https://raw.githubusercontent.com/trustwallet/assets/master/blockchains/ethereum/assets/0x514910771AF9Ca656af840dff83E8264EcF986CA/logo.png"
    },
    {
      "name": "Matic Aave interest bearing AAVE",
      "address": "0x823CD4264C1b951C9209aD0DeAea9988fE8429bF",
      "symbol": "maAAVE",
      "decimals": 18,
      "chainId": 137,
      "logoURI": "https://aavegotchi.com/images/matokens/maAAVE.svg"
    },
    {
      "name": "Matic Aave interest bearing DAI",
      "address": "0xE0b22E0037B130A9F56bBb537684E6fA18192341",
      "symbol": "maDAI",
      "decimals": 18,
      "chainId": 137,
      "logoURI": "https://aavegotchi.com/images/matokens/maDAI.svg"
    },
    {
      "name": "Matic Aave interest bearing LINK",
      "address": "0x98ea609569bD25119707451eF982b90E3eb719cD",
      "symbol": "maLINK",
      "decimals": 18,
      "chainId": 137,
      "logoURI": "https://aavegotchi.com/images/matokens/maLINK.svg"
    },
    {
      "name": "Decentraland MANA",
      "address": "0xA1c57f48F0Deb89f569dFbE6E2B7f46D33606fD4",
      "symbol": "MANA",
      "decimals": 18,
      "chainId": 137,
      "logoURI": "https://raw.githubusercontent.com/trustwallet/assets/master/blockchains/ethereum/assets/0x0F5D2fB29fb7d3CFeE444a200298f468908cC942/logo.png"
    },
    {
      "name": "Matic Aave interest bearing TUSD",
      "address": "0xF4b8888427b00d7caf21654408B7CBA2eCf4EbD9",
      "symbol": "maTUSD",
      "decimals": 18,
      "chainId": 137,
      "logoURI": "https://aavegotchi.com/images/matokens/maTUSD.svg"
    },
    {
      "name": "Matic Aave interest bearing UNI",
      "address": "0x8c8bdBe9CeE455732525086264a4Bf9Cf821C498",
      "symbol": "maUNI",
      "decimals": 18,
      "chainId": 137,
      "logoURI": "https://aavegotchi.com/images/matokens/maUNI.svg"
    },
    {
      "name": "Matic Aave interest bearing USDC",
      "address": "0x9719d867A500Ef117cC201206B8ab51e794d3F82",
      "symbol": "maUSDC",
      "decimals": 6,
      "chainId": 137,
      "logoURI": "https://aavegotchi.com/images/matokens/maUSDC.svg"
    },
    {
      "name": "Matic Aave interest bearing USDT",
      "address": "0xDAE5F1590db13E3B40423B5b5c5fbf175515910b",
      "symbol": "maUSDT",
      "decimals": 6,
      "chainId": 137,
      "logoURI": "https://aavegotchi.com/images/matokens/maUSDT.svg"
    },
    {
      "name": "Matic Aave interest bearing WETH",
      "address": "0x20D3922b4a1A8560E1aC99FBA4faDe0c849e2142",
      "symbol": "maWETH",
      "decimals": 18,
      "chainId": 137,
      "logoURI": "https://aavegotchi.com/images/matokens/maWETH.svg"
    },
    {
      "name": "Matic Aave interest bearing YFI",
      "address": "0xe20f7d1f0eC39C4d5DB01f53554F2EF54c71f613",
      "symbol": "maYFI",
      "decimals": 18,
      "chainId": 137,
      "logoURI": "https://aavegotchi.com/images/matokens/maYFI.svg"
    },
    {
      "name": "Matic Deflect Protocol",
      "address": "0x82B6205002ecd05e97642D38D61e2cFeaC0E18cE",
      "symbol": "mDEF",
      "decimals": 9,
      "chainId": 137,
      "logoURI": "https://etherscan.io/token/images/deflect_32.png?=v1"
    },
    {
      "name": "miMATIC",
      "address": "0xa3Fa99A148fA48D14Ed51d610c367C61876997F1",
      "symbol": "miMATIC",
      "decimals": 18,
      "chainId": 137,
      "logoURI": "https://raw.githubusercontent.com/0xlaozi/qidao/main/images/mimatic-red.png"
    },
    {
      "name": "Ocean Token",
      "address": "0x282d8efCe846A88B159800bd4130ad77443Fa1A1",
      "symbol": "mOCEAN",
      "decimals": 18,
      "chainId": 137,
      "logoURI": "https://oceanprotocol.com/static/4ad704a150d436a1f32d495413fc47cd/favicon-white.png"
    },
    {
      "name": "Monavale",
      "address": "0x6968105460f67c3BF751bE7C15f92F5286Fd0CE5",
      "symbol": "MONA",
      "decimals": 18,
      "chainId": 137,
      "logoURI": "https://i.imgur.com/FR12tmm.jpg"
    },
    {
      "name": "Matic Rebalance Token",
      "address": "0x66768ad00746aC4d68ded9f64886d55d5243f5Ec",
      "symbol": "mRBAL",
      "decimals": 18,
      "chainId": 137,
      "logoURI": "https://rebalancetoken.io/images/logo/logo.png"
    },
    {
      "name": "Must",
      "address": "0x9C78EE466D6Cb57A4d01Fd887D2b5dFb2D46288f",
      "symbol": "MUST",
      "decimals": 18,
      "chainId": 137,
      "logoURI": "https://etherscan.io/token/images/cometh_32.png"
    },
    {
      "name": "NFT Platform Index",
      "address": "0xf7d9e281c5Cb4C6796284C5b663b3593D2037aF2",
      "symbol": "NFTP",
      "decimals": 18,
      "chainId": 137,
      "logoURI": "https://raw.githubusercontent.com/sameepsi/quickswap-default-token-list/master/assets/NFTP.png"
    },
    {
      "name": "OM",
      "address": "0xC3Ec80343D2bae2F8E680FDADDe7C17E71E114ea",
      "symbol": "OM",
      "decimals": 18,
      "chainId": 137,
      "logoURI": "https://etherscan.io/token/images/mantradao_32.png"
    },
    {
      "name": "Opu Coin",
      "address": "0x7ff2FC33E161E3b1C6511B934F0209D304267857",
      "symbol": "OPU",
      "decimals": 18,
      "chainId": 137,
      "logoURI": "https://www.opucoin.io/wp-content/uploads/2021/04/opu-coiin-icon-border.svg"
    },
    {
      "name": "PLOT",
      "address": "0xe82808eaA78339b06a691fd92E1Be79671cAd8D3",
      "symbol": "PLOT",
      "decimals": 18,
      "chainId": 137,
      "logoURI": "https://i.imgur.com/nQDG9AQ.png"
    },
    {
      "name": "PolyDoge",
      "address": "0x8A953CfE442c5E8855cc6c61b1293FA648BAE472",
      "symbol": "PolyDoge",
      "decimals": 18,
      "chainId": 137,
      "logoURI": "https://polydoge.com/doge-webpage_files/doge.png"
    },
    {
      "name": "Pepedex",
      "address": "0x127984b5E6d5c59f81DACc9F1C8b3Bdc8494572e",
      "symbol": "PPDEX",
      "decimals": 18,
      "chainId": 137,
      "logoURI": "https://etherscan.io/token/images/pepedex_32.png?v=2"
    },
    {
      "name": "Qi Dao",
      "address": "0x580A84C73811E1839F75d86d75d88cCa0c241fF4",
      "symbol": "QI",
      "decimals": 18,
      "chainId": 137,
      "logoURI": "https://raw.githubusercontent.com/0xlaozi/qidao/main/images/qi.png"
    },
    {
      "name": "Quickswap",
      "address": "0x831753DD7087CaC61aB5644b308642cc1c33Dc13",
      "symbol": "QUICK",
      "decimals": 18,
      "chainId": 137,
      "logoURI": "https://raw.githubusercontent.com/sameepsi/quickswap-interface/master/public/favicon.jpeg"
    },
    {
      "name": "Rebalance Token",
      "address": "0x03247a4368A280bEc8133300cD930A3a61d604f6",
      "symbol": "RBAL",
      "decimals": 18,
      "chainId": 137,
      "logoURI": "http://rebalancetoken.io/images/logo/RBAL_ERC20_small_001_256.png"
    },
    {
      "name": "Sentinel",
      "address": "0x48e3883233461C2eF4cB3FcF419D6db07fb86CeA",
      "symbol": "SENT",
      "decimals": 8,
      "chainId": 137,
      "logoURI": "https://cdn-images-1.medium.com/max/1200/1*mK1oPGsQWh4Nfupg-e0S-g.png"
    },
    {
      "name": "SuperFarm",
      "address": "0xa1428174F516F527fafdD146b883bB4428682737",
      "symbol": "SUPER",
      "decimals": 18,
      "chainId": 137,
      "logoURI": "https://assets.coingecko.com/coins/images/14040/small/6YPdWn6.png?1613975899"
    },
    {
      "name": "TrustSwap Token",
      "address": "0x3809dcDd5dDe24B37AbE64A5a339784c3323c44F",
      "symbol": "SWAP",
      "decimals": 18,
      "chainId": 137,
      "logoURI": "https://i.imgur.com/vZnU36G.png"
    },
    {
      "name": "Swirge",
      "address": "0x043A3Aa319B563aC25D4E342d32bFfb51298DB7b",
      "symbol": "SWG",
      "decimals": 18,
      "chainId": 137,
      "logoURI": "https://etherscan.io/token/images/swirge_32.png"
    },
    {
      "name": "SportX",
      "address": "0x840195888Db4D6A99ED9F73FcD3B225Bb3cB1A79",
      "symbol": "SX",
      "decimals": 18,
      "chainId": 137,
      "logoURI": "https://raw.githubusercontent.com/sameepsi/quickswap-default-token-list/master/assets/sx.jpg"
    },
    {
      "name": "Telcoin",
      "address": "0xdF7837DE1F2Fa4631D716CF2502f8b230F1dcc32",
      "symbol": "TEL",
      "decimals": 2,
      "chainId": 137,
      "logoURI": "https://pbs.twimg.com/profile_images/933388441475194881/57fOk40N_400x400.jpg"
    },
    {
      "name": "Unibright",
      "address": "0x7FBc10850caE055B27039aF31bD258430e714c62",
      "symbol": "UBT",
      "decimals": 8,
      "chainId": 137,
      "logoURI": "https://assets.coingecko.com/coins/images/2707/small/UnibrightLogo_colorful_500x500_preview.png?1547036916"
    },
    {
      "name": "Uniswap",
      "address": "0xb33EaAd8d922B1083446DC23f610c2567fB5180f",
      "symbol": "UNI",
      "decimals": 18,
      "chainId": 137,
      "logoURI": "https://raw.githubusercontent.com/sameepsi/quickswap-interface/master/public/favicon1.png"
    },
    {
      "name": "USD Coin",
      "address": "0x2791Bca1f2de4661ED88A30C99A7a9449Aa84174",
      "symbol": "USDC",
      "decimals": 6,
      "chainId": 137,
      "logoURI": "https://raw.githubusercontent.com/trustwallet/assets/master/blockchains/ethereum/assets/0xA0b86991c6218b36c1d19D4a2e9Eb0cE3606eB48/logo.png"
    },
    {
      "name": "Tether USD",
      "address": "0xc2132D05D31c914a87C6611C10748AEb04B58e8F",
      "symbol": "USDT",
      "decimals": 6,
      "chainId": 137,
      "logoURI": "https://raw.githubusercontent.com/trustwallet/assets/master/blockchains/ethereum/assets/0xdAC17F958D2ee523a2206206994597C13D831ec7/logo.png"
    },
    {
      "name": "Vision Token",
      "address": "0x034b2090b579228482520c589dbD397c53Fc51cC",
      "symbol": "VISION",
      "decimals": 18,
      "chainId": 137,
      "logoURI": "https://s3-us-west-2.amazonaws.com/acf-uploads/apyvisionlogo200circle.png"
    },
    {
      "name": "Wrapped BTC",
      "address": "0x1BFD67037B42Cf73acF2047067bd4F2C47D9BfD6",
      "symbol": "WBTC",
      "decimals": 8,
      "chainId": 137,
      "logoURI": "https://raw.githubusercontent.com/trustwallet/assets/master/blockchains/ethereum/assets/0x2260FAC5E5542a773Aa44fBCfeDf7C193bc2C599/logo.png"
    },
    {
      "name": "Wise Token",
      "address": "0xB77e62709e39aD1cbeEBE77cF493745AeC0F453a",
      "symbol": "WISE",
      "decimals": 18,
      "chainId": 137,
      "logoURI": "https://etherscan.io/token/images/wisetoken_32.png"
    },
    {
      "name": "Wrapped Matic",
      "address": "0x0d500B1d8E8eF31E21C99d1Db9A6444d3ADf1270",
      "symbol": "WMATIC",
      "decimals": 18,
      "chainId": 137,
      "logoURI": "https://raw.githubusercontent.com/trustwallet/assets/master/blockchains/ethereum/assets/0x7D1AfA7B718fb893dB30A3aBc0Cfc608AaCfeBB0/logo.png"
    },
    {
      "name": "moonwolf.io",
      "address": "0x8f18dC399594b451EdA8c5da02d0563c0b2d0f16",
      "symbol": "WOLF",
      "decimals": 9,
      "chainId": 137,
      "logoURI": "https://i.imgur.com/UIjlQpC.png"
    },
    {
      "name": "WazirX",
      "address": "0x72d6066F486bd0052eefB9114B66ae40e0A6031a",
      "symbol": "WRX",
      "decimals": 8,
      "chainId": 137,
      "logoURI": "https://etherscan.io/token/images/binance-wrx_32.png"
    },
    {
      "name": "Standard",
      "address": "0xf153EfF70DC0bf3b085134928daeEA248d9B30d0",
      "symbol": "xMARK",
      "decimals": 9,
      "chainId": 137,
      "logoURI": "https://raw.githubusercontent.com/trustwallet/assets/8cb78aca77b340510958ed98a3cd260d2d7f0420/blockchains/ethereum/assets/0x36b679bd64Ed73DBfd88909cDCB892cB66Bd4CBb/logo.png"
    },
    {
      "name": "yearn.finance",
      "address": "0xDA537104D6A5edd53c6fBba9A898708E465260b6",
      "symbol": "YFI",
      "decimals": 18,
      "chainId": 137,
      "logoURI": "https://raw.githubusercontent.com/trustwallet/assets/master/blockchains/ethereum/assets/0x0bc529c00C6401aEF6D220BE8C6Ea1667F6Ad93e/logo.png"
    },
    {
      "name": "ZeroUtility",
      "address": "0xe86E8beb7340659DDDCE61727E500e3A5aD75a90",
      "symbol": "ZUT",
      "decimals": 18,
      "chainId": 137,
      "logoURI": "https://s2.gifyu.com/images/zutlogo.jpg"
    },
    {
      "name": "Zeus",
      "address": "0x232eaB56c4fB3f84c6Fb0a50c087c74b7B43c6Ad",
      "symbol": "ZUZ",
      "decimals": 18,
      "chainId": 137,
      "logoURI": "https://etherscan.io/token/images/zuzprotocol_32.png"
    },
    {
      "name": "Dai Stablecoin",
      "address": "0xcB1e72786A6eb3b44C2a2429e317c8a2462CFeb1",
      "symbol": "DAI",
      "decimals": 18,
      "chainId": 80001,
      "logoURI": "https://raw.githubusercontent.com/trustwallet/assets/master/blockchains/ethereum/assets/0x6B175474E89094C44Da98b954EedeAC495271d0F/logo.png"
    },
    {
      "name": "Ether",
      "address": "0x714550C2C1Ea08688607D86ed8EeF4f5E4F22323",
      "symbol": "ETH",
      "decimals": 18,
      "chainId": 80001,
      "logoURI": "https://raw.githubusercontent.com/trustwallet/assets/master/blockchains/ethereum/assets/0xC02aaA39b223FE8D0A0e5C4F27eAD9083C756Cc2/logo.png"
    },
    {
      "name": "Tether USD",
      "address": "0x3813e82e6f7098b9583FC0F33a962D02018B6803",
      "symbol": "USDT",
      "decimals": 6,
      "chainId": 80001,
      "logoURI": "https://raw.githubusercontent.com/trustwallet/assets/master/blockchains/ethereum/assets/0xdAC17F958D2ee523a2206206994597C13D831ec7/logo.png"
    },
    {
      "name": "Wrapped Matic",
      "address": "0xd0A1E359811322d97991E03f863a0C30C2cF029C",
      "symbol": "WMATIC",
      "decimals": 18,
      "chainId": 80001,
      "logoURI": "https://raw.githubusercontent.com/trustwallet/assets/master/blockchains/ethereum/assets/0x7D1AfA7B718fb893dB30A3aBc0Cfc608AaCfeBB0/logo.png"
    }
  ]
}
