[
  {
    "type": "constructor",
    "stateMutability": "nonpayable",
    "payable": false,
    "inputs": [
      { "type": "address", "name": "_owner", "internalType": "address" },
      { "type": "address", "name": "_stakingToken", "internalType": "address" }
    ]
  },
  {
    "type": "event",
    "name": "OwnerChanged",
    "inputs": [
      { "type": "address", "name": "oldOwner", "internalType": "address", "indexed": false },
      { "type": "address", "name": "newOwner", "internalType": "address", "indexed": false }
    ],
    "anonymous": false
  },
  {
    "type": "event",
    "name": "OwnerNominated",
    "inputs": [
      { "type": "address", "name": "newOwner", "internalType": "address", "indexed": false }
    ],
    "anonymous": false
  },
  {
    "type": "event",
    "name": "PauseChanged",
    "inputs": [{ "type": "bool", "name": "isPaused", "internalType": "bool", "indexed": false }],
    "anonymous": false
  },
  {
    "type": "event",
    "name": "Recovered",
    "inputs": [
      { "type": "address", "name": "token", "internalType": "address", "indexed": false },
      { "type": "uint256", "name": "amount", "internalType": "uint256", "indexed": false }
    ],
    "anonymous": false
  },
  {
    "type": "event",
    "name": "RewardAdded",
    "inputs": [
      { "type": "uint256", "name": "reward", "internalType": "uint256", "indexed": false }
    ],
    "anonymous": false
  },
  {
    "type": "event",
    "name": "RewardPaid",
    "inputs": [
      { "type": "address", "name": "user", "internalType": "address", "indexed": true },
      { "type": "address", "name": "rewardsToken", "internalType": "address", "indexed": true },
      { "type": "uint256", "name": "reward", "internalType": "uint256", "indexed": false }
    ],
    "anonymous": false
  },
  {
    "type": "event",
    "name": "RewardsDurationUpdated",
    "inputs": [
      { "type": "address", "name": "token", "internalType": "address", "indexed": false },
      { "type": "uint256", "name": "newDuration", "internalType": "uint256", "indexed": false }
    ],
    "anonymous": false
  },
  {
    "type": "event",
    "name": "Staked",
    "inputs": [
      { "type": "address", "name": "user", "internalType": "address", "indexed": true },
      { "type": "uint256", "name": "amount", "internalType": "uint256", "indexed": false }
    ],
    "anonymous": false
  },
  {
    "type": "event",
    "name": "Withdrawn",
    "inputs": [
      { "type": "address", "name": "user", "internalType": "address", "indexed": true },
      { "type": "uint256", "name": "amount", "internalType": "uint256", "indexed": false }
    ],
    "anonymous": false
  },
  {
    "type": "function",
    "stateMutability": "nonpayable",
    "payable": false,
    "outputs": [],
    "name": "acceptOwnership",
    "inputs": [],
    "constant": false
  },
  {
    "type": "function",
    "stateMutability": "nonpayable",
    "payable": false,
    "outputs": [],
    "name": "addReward",
    "inputs": [
      { "type": "address", "name": "_rewardsToken", "internalType": "address" },
      { "type": "address", "name": "_rewardsDistributor", "internalType": "address" },
      { "type": "uint256", "name": "_rewardsDuration", "internalType": "uint256" }
    ],
    "constant": false
  },
  {
    "type": "function",
    "stateMutability": "view",
    "payable": false,
    "outputs": [{ "type": "uint256", "name": "", "internalType": "uint256" }],
    "name": "balanceOf",
    "inputs": [{ "type": "address", "name": "account", "internalType": "address" }],
    "constant": true
  },
  {
    "type": "function",
    "stateMutability": "view",
    "payable": false,
    "outputs": [{ "type": "uint256", "name": "", "internalType": "uint256" }],
    "name": "earned",
    "inputs": [
      { "type": "address", "name": "account", "internalType": "address" },
      { "type": "address", "name": "_rewardsToken", "internalType": "address" }
    ],
    "constant": true
  },
  {
    "type": "function",
    "stateMutability": "nonpayable",
    "payable": false,
    "outputs": [],
    "name": "exit",
    "inputs": [],
    "constant": false
  },
  {
    "type": "function",
    "stateMutability": "nonpayable",
    "payable": false,
    "outputs": [],
    "name": "getReward",
    "inputs": [],
    "constant": false
  },
  {
    "type": "function",
    "stateMutability": "view",
    "payable": false,
    "outputs": [{ "type": "uint256", "name": "", "internalType": "uint256" }],
    "name": "getRewardForDuration",
    "inputs": [{ "type": "address", "name": "_rewardsToken", "internalType": "address" }],
    "constant": true
  },
  {
    "type": "function",
    "stateMutability": "view",
    "payable": false,
    "outputs": [{ "type": "uint256", "name": "", "internalType": "uint256" }],
    "name": "lastPauseTime",
    "inputs": [],
    "constant": true
  },
  {
    "type": "function",
    "stateMutability": "view",
    "payable": false,
    "outputs": [{ "type": "uint256", "name": "", "internalType": "uint256" }],
    "name": "lastTimeRewardApplicable",
    "inputs": [{ "type": "address", "name": "_rewardsToken", "internalType": "address" }],
    "constant": true
  },
  {
    "type": "function",
    "stateMutability": "nonpayable",
    "payable": false,
    "outputs": [],
    "name": "nominateNewOwner",
    "inputs": [{ "type": "address", "name": "_owner", "internalType": "address" }],
    "constant": false
  },
  {
    "type": "function",
    "stateMutability": "view",
    "payable": false,
    "outputs": [{ "type": "address", "name": "", "internalType": "address" }],
    "name": "nominatedOwner",
    "inputs": [],
    "constant": true
  },
  {
    "type": "function",
    "stateMutability": "nonpayable",
    "payable": false,
    "outputs": [],
    "name": "notifyRewardAmount",
    "inputs": [
      { "type": "address", "name": "_rewardsToken", "internalType": "address" },
      { "type": "uint256", "name": "reward", "internalType": "uint256" }
    ],
    "constant": false
  },
  {
    "type": "function",
    "stateMutability": "view",
    "payable": false,
    "outputs": [{ "type": "address", "name": "", "internalType": "address" }],
    "name": "owner",
    "inputs": [],
    "constant": true
  },
  {
    "type": "function",
    "stateMutability": "view",
    "payable": false,
    "outputs": [{ "type": "bool", "name": "", "internalType": "bool" }],
    "name": "paused",
    "inputs": [],
    "constant": true
  },
  {
    "type": "function",
    "stateMutability": "nonpayable",
    "payable": false,
    "outputs": [],
    "name": "recoverERC20",
    "inputs": [
      { "type": "address", "name": "tokenAddress", "internalType": "address" },
      { "type": "uint256", "name": "tokenAmount", "internalType": "uint256" }
    ],
    "constant": false
  },
  {
    "type": "function",
    "stateMutability": "view",
    "payable": false,
    "outputs": [
      { "type": "address", "name": "rewardsDistributor", "internalType": "address" },
      { "type": "uint256", "name": "rewardsDuration", "internalType": "uint256" },
      { "type": "uint256", "name": "periodFinish", "internalType": "uint256" },
      { "type": "uint256", "name": "rewardRate", "internalType": "uint256" },
      { "type": "uint256", "name": "lastUpdateTime", "internalType": "uint256" },
      { "type": "uint256", "name": "rewardPerTokenStored", "internalType": "uint256" }
    ],
    "name": "rewardData",
    "inputs": [{ "type": "address", "name": "", "internalType": "address" }],
    "constant": true
  },
  {
    "type": "function",
    "stateMutability": "view",
    "payable": false,
    "outputs": [{ "type": "uint256", "name": "", "internalType": "uint256" }],
    "name": "rewardPerToken",
    "inputs": [{ "type": "address", "name": "_rewardsToken", "internalType": "address" }],
    "constant": true
  },
  {
    "type": "function",
    "stateMutability": "view",
    "payable": false,
    "outputs": [{ "type": "address", "name": "", "internalType": "address" }],
    "name": "rewardTokens",
    "inputs": [{ "type": "uint256", "name": "", "internalType": "uint256" }],
    "constant": true
  },
  {
    "type": "function",
    "stateMutability": "view",
    "payable": false,
    "outputs": [{ "type": "uint256", "name": "", "internalType": "uint256" }],
    "name": "rewards",
    "inputs": [
      { "type": "address", "name": "", "internalType": "address" },
      { "type": "address", "name": "", "internalType": "address" }
    ],
    "constant": true
  },
  {
    "type": "function",
    "stateMutability": "nonpayable",
    "payable": false,
    "outputs": [],
    "name": "setPaused",
    "inputs": [{ "type": "bool", "name": "_paused", "internalType": "bool" }],
    "constant": false
  },
  {
    "type": "function",
    "stateMutability": "nonpayable",
    "payable": false,
    "outputs": [],
    "name": "setRewardsDistributor",
    "inputs": [
      { "type": "address", "name": "_rewardsToken", "internalType": "address" },
      { "type": "address", "name": "_rewardsDistributor", "internalType": "address" }
    ],
    "constant": false
  },
  {
    "type": "function",
    "stateMutability": "nonpayable",
    "payable": false,
    "outputs": [],
    "name": "setRewardsDuration",
    "inputs": [
      { "type": "address", "name": "_rewardsToken", "internalType": "address" },
      { "type": "uint256", "name": "_rewardsDuration", "internalType": "uint256" }
    ],
    "constant": false
  },
  {
    "type": "function",
    "stateMutability": "nonpayable",
    "payable": false,
    "outputs": [],
    "name": "stake",
    "inputs": [{ "type": "uint256", "name": "amount", "internalType": "uint256" }],
    "constant": false
  },
  {
    "type": "function",
    "stateMutability": "view",
    "payable": false,
    "outputs": [{ "type": "address", "name": "", "internalType": "contract IERC20" }],
    "name": "stakingToken",
    "inputs": [],
    "constant": true
  },
  {
    "type": "function",
    "stateMutability": "view",
    "payable": false,
    "outputs": [{ "type": "uint256", "name": "", "internalType": "uint256" }],
    "name": "totalSupply",
    "inputs": [],
    "constant": true
  },
  {
    "type": "function",
    "stateMutability": "view",
    "payable": false,
    "outputs": [{ "type": "uint256", "name": "", "internalType": "uint256" }],
    "name": "userRewardPerTokenPaid",
    "inputs": [
      { "type": "address", "name": "", "internalType": "address" },
      { "type": "address", "name": "", "internalType": "address" }
    ],
    "constant": true
  },
  {
    "type": "function",
    "stateMutability": "nonpayable",
    "payable": false,
    "outputs": [],
    "name": "withdraw",
    "inputs": [{ "type": "uint256", "name": "amount", "internalType": "uint256" }],
    "constant": false
  }
]
