[
  {
    "type": "constructor",
    "stateMutability": "nonpayable",
    "inputs": [
      { "type": "address", "name": "_lyd", "internalType": "contract LydToken" },
      { "type": "address", "name": "_electrum", "internalType": "contract ElectrumBar" },
      { "type": "address", "name": "_devaddr", "internalType": "address" },
      { "type": "uint256", "name": "_lydPerSec", "internalType": "uint256" },
      { "type": "uint256", "name": "_startTimestamp", "internalType": "uint256" }
    ]
  },
  {
    "type": "event",
    "name": "Deposit",
    "inputs": [
      { "type": "address", "name": "user", "internalType": "address", "indexed": true },
      { "type": "uint256", "name": "pid", "internalType": "uint256", "indexed": true },
      { "type": "uint256", "name": "amount", "internalType": "uint256", "indexed": false }
    ],
    "anonymous": false
  },
  {
    "type": "event",
    "name": "EmergencyWithdraw",
    "inputs": [
      { "type": "address", "name": "user", "internalType": "address", "indexed": true },
      { "type": "uint256", "name": "pid", "internalType": "uint256", "indexed": true },
      { "type": "uint256", "name": "amount", "internalType": "uint256", "indexed": false }
    ],
    "anonymous": false
  },
  {
    "type": "event",
    "name": "OwnershipTransferred",
    "inputs": [
      { "type": "address", "name": "previousOwner", "internalType": "address", "indexed": true },
      { "type": "address", "name": "newOwner", "internalType": "address", "indexed": true }
    ],
    "anonymous": false
  },
  {
    "type": "event",
    "name": "SetDevAddress",
    "inputs": [
      { "type": "address", "name": "user", "internalType": "address", "indexed": true },
      { "type": "address", "name": "newAddress", "internalType": "address", "indexed": true }
    ],
    "anonymous": false
  },
  {
    "type": "event",
    "name": "UpdateEmissionRate",
    "inputs": [
      { "type": "address", "name": "user", "internalType": "address", "indexed": true },
      { "type": "uint256", "name": "_lydPerSec", "internalType": "uint256", "indexed": false }
    ],
    "anonymous": false
  },
  {
    "type": "event",
    "name": "Withdraw",
    "inputs": [
      { "type": "address", "name": "user", "internalType": "address", "indexed": true },
      { "type": "uint256", "name": "pid", "internalType": "uint256", "indexed": true },
      { "type": "uint256", "name": "amount", "internalType": "uint256", "indexed": false }
    ],
    "anonymous": false
  },
  {
    "type": "function",
    "stateMutability": "view",
    "outputs": [{ "type": "uint256", "name": "", "internalType": "uint256" }],
    "name": "BONUS_MULTIPLIER",
    "inputs": []
  },
  {
    "type": "function",
    "stateMutability": "nonpayable",
    "outputs": [],
    "name": "add",
    "inputs": [
      { "type": "uint256", "name": "_allocPoint", "internalType": "uint256" },
      { "type": "address", "name": "_lpToken", "internalType": "contract IERC20" },
      { "type": "bool", "name": "_withUpdate", "internalType": "bool" }
    ]
  },
  {
    "type": "function",
    "stateMutability": "nonpayable",
    "outputs": [],
    "name": "deposit",
    "inputs": [
      { "type": "uint256", "name": "_pid", "internalType": "uint256" },
      { "type": "uint256", "name": "_amount", "internalType": "uint256" }
    ]
  },
  {
    "type": "function",
    "stateMutability": "nonpayable",
    "outputs": [],
    "name": "dev",
    "inputs": [{ "type": "address", "name": "_devaddr", "internalType": "address" }]
  },
  {
    "type": "function",
    "stateMutability": "view",
    "outputs": [{ "type": "address", "name": "", "internalType": "address" }],
    "name": "devaddr",
    "inputs": []
  },
  {
    "type": "function",
    "stateMutability": "view",
    "outputs": [{ "type": "address", "name": "", "internalType": "contract ElectrumBar" }],
    "name": "electrum",
    "inputs": []
  },
  {
    "type": "function",
    "stateMutability": "nonpayable",
    "outputs": [],
    "name": "emergencyWithdraw",
    "inputs": [{ "type": "uint256", "name": "_pid", "internalType": "uint256" }]
  },
  {
    "type": "function",
    "stateMutability": "nonpayable",
    "outputs": [],
    "name": "enterStaking",
    "inputs": [{ "type": "uint256", "name": "_amount", "internalType": "uint256" }]
  },
  {
    "type": "function",
    "stateMutability": "view",
    "outputs": [{ "type": "uint256", "name": "", "internalType": "uint256" }],
    "name": "getMultiplier",
    "inputs": [
      { "type": "uint256", "name": "_from", "internalType": "uint256" },
      { "type": "uint256", "name": "_to", "internalType": "uint256" }
    ]
  },
  {
    "type": "function",
    "stateMutability": "nonpayable",
    "outputs": [],
    "name": "leaveStaking",
    "inputs": [{ "type": "uint256", "name": "_amount", "internalType": "uint256" }]
  },
  {
    "type": "function",
    "stateMutability": "view",
    "outputs": [{ "type": "address", "name": "", "internalType": "contract LydToken" }],
    "name": "lyd",
    "inputs": []
  },
  {
    "type": "function",
    "stateMutability": "view",
    "outputs": [{ "type": "uint256", "name": "", "internalType": "uint256" }],
    "name": "lydPerSec",
    "inputs": []
  },
  {
    "type": "function",
    "stateMutability": "nonpayable",
    "outputs": [],
    "name": "massUpdatePools",
    "inputs": []
  },
  {
    "type": "function",
    "stateMutability": "view",
    "outputs": [{ "type": "address", "name": "", "internalType": "address" }],
    "name": "owner",
    "inputs": []
  },
  {
    "type": "function",
    "stateMutability": "view",
    "outputs": [{ "type": "uint256", "name": "", "internalType": "uint256" }],
    "name": "pendingLyd",
    "inputs": [
      { "type": "uint256", "name": "_pid", "internalType": "uint256" },
      { "type": "address", "name": "_user", "internalType": "address" }
    ]
  },
  {
    "type": "function",
    "stateMutability": "view",
    "outputs": [
      { "type": "address", "name": "lpToken", "internalType": "contract IERC20" },
      { "type": "uint256", "name": "allocPoint", "internalType": "uint256" },
      { "type": "uint256", "name": "lastRewardTimestamp", "internalType": "uint256" },
      { "type": "uint256", "name": "accLydPerShare", "internalType": "uint256" }
    ],
    "name": "poolInfo",
    "inputs": [{ "type": "uint256", "name": "", "internalType": "uint256" }]
  },
  {
    "type": "function",
    "stateMutability": "view",
    "outputs": [{ "type": "uint256", "name": "", "internalType": "uint256" }],
    "name": "poolLength",
    "inputs": []
  },
  {
    "type": "function",
    "stateMutability": "nonpayable",
    "outputs": [],
    "name": "renounceOwnership",
    "inputs": []
  },
  {
    "type": "function",
    "stateMutability": "nonpayable",
    "outputs": [],
    "name": "set",
    "inputs": [
      { "type": "uint256", "name": "_pid", "internalType": "uint256" },
      { "type": "uint256", "name": "_allocPoint", "internalType": "uint256" },
      { "type": "bool", "name": "_withUpdate", "internalType": "bool" }
    ]
  },
  {
    "type": "function",
    "stateMutability": "view",
    "outputs": [{ "type": "uint256", "name": "", "internalType": "uint256" }],
    "name": "startTimestamp",
    "inputs": []
  },
  {
    "type": "function",
    "stateMutability": "view",
    "outputs": [{ "type": "uint256", "name": "", "internalType": "uint256" }],
    "name": "totalAllocPoint",
    "inputs": []
  },
  {
    "type": "function",
    "stateMutability": "nonpayable",
    "outputs": [],
    "name": "transferOwnership",
    "inputs": [{ "type": "address", "name": "newOwner", "internalType": "address" }]
  },
  {
    "type": "function",
    "stateMutability": "nonpayable",
    "outputs": [],
    "name": "updateEmissionRate",
    "inputs": [{ "type": "uint256", "name": "_lydPerSec", "internalType": "uint256" }]
  },
  {
    "type": "function",
    "stateMutability": "nonpayable",
    "outputs": [],
    "name": "updateMultiplier",
    "inputs": [{ "type": "uint256", "name": "multiplierNumber", "internalType": "uint256" }]
  },
  {
    "type": "function",
    "stateMutability": "nonpayable",
    "outputs": [],
    "name": "updatePool",
    "inputs": [{ "type": "uint256", "name": "_pid", "internalType": "uint256" }]
  },
  {
    "type": "function",
    "stateMutability": "view",
    "outputs": [
      { "type": "uint256", "name": "amount", "internalType": "uint256" },
      { "type": "uint256", "name": "rewardDebt", "internalType": "uint256" }
    ],
    "name": "userInfo",
    "inputs": [
      { "type": "uint256", "name": "", "internalType": "uint256" },
      { "type": "address", "name": "", "internalType": "address" }
    ]
  },
  {
    "type": "function",
    "stateMutability": "nonpayable",
    "outputs": [],
    "name": "withdraw",
    "inputs": [
      { "type": "uint256", "name": "_pid", "internalType": "uint256" },
      { "type": "uint256", "name": "_amount", "internalType": "uint256" }
    ]
  }
]
