[
  {
    "inputs": [
      { "internalType": "address", "name": "_rewardToken", "type": "address" },
      { "internalType": "address", "name": "_firstOwner", "type": "address" }
    ],
    "stateMutability": "nonpayable",
    "type": "constructor"
  },
  {
    "anonymous": false,
    "inputs": [
      { "indexed": true, "internalType": "address", "name": "user", "type": "address" },
      { "indexed": true, "internalType": "uint256", "name": "pid", "type": "uint256" },
      { "indexed": false, "internalType": "uint256", "name": "amount", "type": "uint256" },
      { "indexed": true, "internalType": "address", "name": "to", "type": "address" }
    ],
    "name": "Deposit",
    "type": "event"
  },
  {
    "anonymous": false,
    "inputs": [
      { "indexed": true, "internalType": "address", "name": "user", "type": "address" },
      { "indexed": true, "internalType": "uint256", "name": "pid", "type": "uint256" },
      { "indexed": false, "internalType": "uint256", "name": "amount", "type": "uint256" },
      { "indexed": true, "internalType": "address", "name": "to", "type": "address" }
    ],
    "name": "EmergencyWithdraw",
    "type": "event"
  },
  {
    "anonymous": false,
    "inputs": [
      { "indexed": false, "internalType": "address", "name": "funder", "type": "address" }
    ],
    "name": "FunderAdded",
    "type": "event"
  },
  {
    "anonymous": false,
    "inputs": [
      { "indexed": false, "internalType": "address", "name": "funder", "type": "address" }
    ],
    "name": "FunderRemoved",
    "type": "event"
  },
  {
    "anonymous": false,
    "inputs": [
      { "indexed": true, "internalType": "address", "name": "user", "type": "address" },
      { "indexed": true, "internalType": "uint256", "name": "pid", "type": "uint256" },
      { "indexed": false, "internalType": "uint256", "name": "amount", "type": "uint256" }
    ],
    "name": "Harvest",
    "type": "event"
  },
  {
    "anonymous": false,
    "inputs": [
      { "indexed": false, "internalType": "uint256", "name": "rewardPerSecond", "type": "uint256" }
    ],
    "name": "LogRewardPerSecond",
    "type": "event"
  },
  {
    "anonymous": false,
    "inputs": [
      {
        "indexed": false,
        "internalType": "uint256",
        "name": "rewardsExpiration",
        "type": "uint256"
      }
    ],
    "name": "LogRewardsExpiration",
    "type": "event"
  },
  {
    "anonymous": false,
    "inputs": [{ "indexed": false, "internalType": "uint256", "name": "pid", "type": "uint256" }],
    "name": "Migrate",
    "type": "event"
  },
  { "anonymous": false, "inputs": [], "name": "MigratorDisabled", "type": "event" },
  {
    "anonymous": false,
    "inputs": [
      { "indexed": false, "internalType": "address", "name": "migrator", "type": "address" }
    ],
    "name": "MigratorSet",
    "type": "event"
  },
  {
    "anonymous": false,
    "inputs": [
      { "indexed": true, "internalType": "address", "name": "previousOwner", "type": "address" },
      { "indexed": true, "internalType": "address", "name": "newOwner", "type": "address" }
    ],
    "name": "OwnershipTransferred",
    "type": "event"
  },
  {
    "anonymous": false,
    "inputs": [
      { "indexed": true, "internalType": "uint256", "name": "pid", "type": "uint256" },
      { "indexed": false, "internalType": "uint256", "name": "allocPoint", "type": "uint256" },
      { "indexed": true, "internalType": "contract IERC20", "name": "lpToken", "type": "address" },
      {
        "indexed": true,
        "internalType": "contract IRewarder",
        "name": "rewarder",
        "type": "address"
      }
    ],
    "name": "PoolAdded",
    "type": "event"
  },
  {
    "anonymous": false,
    "inputs": [
      { "indexed": true, "internalType": "uint256", "name": "pid", "type": "uint256" },
      { "indexed": false, "internalType": "uint256", "name": "allocPoint", "type": "uint256" },
      {
        "indexed": true,
        "internalType": "contract IRewarder",
        "name": "rewarder",
        "type": "address"
      },
      { "indexed": false, "internalType": "bool", "name": "overwrite", "type": "bool" }
    ],
    "name": "PoolSet",
    "type": "event"
  },
  {
    "anonymous": false,
    "inputs": [
      { "indexed": true, "internalType": "uint256", "name": "pid", "type": "uint256" },
      { "indexed": false, "internalType": "uint64", "name": "lastRewardTime", "type": "uint64" },
      { "indexed": false, "internalType": "uint256", "name": "lpSupply", "type": "uint256" },
      {
        "indexed": false,
        "internalType": "uint256",
        "name": "accRewardPerShare",
        "type": "uint256"
      }
    ],
    "name": "PoolUpdate",
    "type": "event"
  },
  {
    "anonymous": false,
    "inputs": [
      { "indexed": true, "internalType": "address", "name": "user", "type": "address" },
      { "indexed": true, "internalType": "uint256", "name": "pid", "type": "uint256" },
      { "indexed": false, "internalType": "uint256", "name": "amount", "type": "uint256" },
      { "indexed": true, "internalType": "address", "name": "to", "type": "address" }
    ],
    "name": "Withdraw",
    "type": "event"
  },
  {
    "inputs": [],
    "name": "REWARD",
    "outputs": [{ "internalType": "contract IERC20", "name": "", "type": "address" }],
    "stateMutability": "view",
    "type": "function"
  },
  {
    "inputs": [{ "internalType": "address", "name": "_funder", "type": "address" }],
    "name": "addFunder",
    "outputs": [],
    "stateMutability": "nonpayable",
    "type": "function"
  },
  {
    "inputs": [
      { "internalType": "uint256", "name": "_allocPoint", "type": "uint256" },
      { "internalType": "contract IERC20", "name": "_lpToken", "type": "address" },
      { "internalType": "contract IRewarder", "name": "_rewarder", "type": "address" }
    ],
    "name": "addPool",
    "outputs": [],
    "stateMutability": "nonpayable",
    "type": "function"
  },
  {
    "inputs": [
      { "internalType": "uint256[]", "name": "_allocPoints", "type": "uint256[]" },
      { "internalType": "contract IERC20[]", "name": "_lpTokens", "type": "address[]" },
      { "internalType": "contract IRewarder[]", "name": "_rewarders", "type": "address[]" }
    ],
    "name": "addPools",
    "outputs": [],
    "stateMutability": "nonpayable",
    "type": "function"
  },
  {
    "inputs": [{ "internalType": "address", "name": "", "type": "address" }],
    "name": "addedTokens",
    "outputs": [{ "internalType": "bool", "name": "", "type": "bool" }],
    "stateMutability": "view",
    "type": "function"
  },
  {
    "inputs": [
      { "internalType": "uint256", "name": "pid", "type": "uint256" },
      { "internalType": "uint256", "name": "amount", "type": "uint256" },
      { "internalType": "address", "name": "to", "type": "address" }
    ],
    "name": "deposit",
    "outputs": [],
    "stateMutability": "nonpayable",
    "type": "function"
  },
  {
    "inputs": [
      { "internalType": "uint256", "name": "pid", "type": "uint256" },
      { "internalType": "uint256", "name": "amount", "type": "uint256" },
      { "internalType": "address", "name": "to", "type": "address" },
      { "internalType": "uint256", "name": "deadline", "type": "uint256" },
      { "internalType": "uint8", "name": "v", "type": "uint8" },
      { "internalType": "bytes32", "name": "r", "type": "bytes32" },
      { "internalType": "bytes32", "name": "s", "type": "bytes32" }
    ],
    "name": "depositWithPermit",
    "outputs": [],
    "stateMutability": "nonpayable",
    "type": "function"
  },
  {
    "inputs": [],
    "name": "disableMigrator",
    "outputs": [],
    "stateMutability": "nonpayable",
    "type": "function"
  },
  {
    "inputs": [
      { "internalType": "uint256", "name": "pid", "type": "uint256" },
      { "internalType": "address", "name": "to", "type": "address" }
    ],
    "name": "emergencyWithdraw",
    "outputs": [],
    "stateMutability": "nonpayable",
    "type": "function"
  },
  {
    "inputs": [
      { "internalType": "uint256", "name": "extension", "type": "uint256" },
      { "internalType": "uint256", "name": "maxFunding", "type": "uint256" }
    ],
    "name": "extendRewardsViaDuration",
    "outputs": [],
    "stateMutability": "nonpayable",
    "type": "function"
  },
  {
    "inputs": [
      { "internalType": "uint256", "name": "funding", "type": "uint256" },
      { "internalType": "uint256", "name": "minExtension", "type": "uint256" }
    ],
    "name": "extendRewardsViaFunding",
    "outputs": [],
    "stateMutability": "nonpayable",
    "type": "function"
  },
  {
    "inputs": [
      { "internalType": "uint256", "name": "funding", "type": "uint256" },
      { "internalType": "uint256", "name": "duration", "type": "uint256" }
    ],
    "name": "fundRewards",
    "outputs": [],
    "stateMutability": "nonpayable",
    "type": "function"
  },
  {
    "inputs": [
      { "internalType": "uint256", "name": "pid", "type": "uint256" },
      { "internalType": "address", "name": "to", "type": "address" }
    ],
    "name": "harvest",
    "outputs": [],
    "stateMutability": "nonpayable",
    "type": "function"
  },
  {
    "inputs": [{ "internalType": "address", "name": "_funder", "type": "address" }],
    "name": "isFunder",
    "outputs": [{ "internalType": "bool", "name": "allowed", "type": "bool" }],
    "stateMutability": "view",
    "type": "function"
  },
  {
    "inputs": [{ "internalType": "uint256", "name": "", "type": "uint256" }],
    "name": "lpToken",
    "outputs": [{ "internalType": "contract IERC20", "name": "", "type": "address" }],
    "stateMutability": "view",
    "type": "function"
  },
  {
    "inputs": [],
    "name": "lpTokens",
    "outputs": [{ "internalType": "contract IERC20[]", "name": "", "type": "address[]" }],
    "stateMutability": "view",
    "type": "function"
  },
  {
    "inputs": [],
    "name": "massUpdateAllPools",
    "outputs": [],
    "stateMutability": "nonpayable",
    "type": "function"
  },
  {
    "inputs": [{ "internalType": "uint256[]", "name": "pids", "type": "uint256[]" }],
    "name": "massUpdatePools",
    "outputs": [],
    "stateMutability": "nonpayable",
    "type": "function"
  },
  {
    "inputs": [{ "internalType": "uint256", "name": "_pid", "type": "uint256" }],
    "name": "migrate",
    "outputs": [],
    "stateMutability": "nonpayable",
    "type": "function"
  },
  {
    "inputs": [],
    "name": "migrationDisabled",
    "outputs": [{ "internalType": "bool", "name": "", "type": "bool" }],
    "stateMutability": "view",
    "type": "function"
  },
  {
    "inputs": [],
    "name": "migrator",
    "outputs": [{ "internalType": "contract IMigratorChef", "name": "", "type": "address" }],
    "stateMutability": "view",
    "type": "function"
  },
  {
    "inputs": [],
    "name": "owner",
    "outputs": [{ "internalType": "address", "name": "", "type": "address" }],
    "stateMutability": "view",
    "type": "function"
  },
  {
    "inputs": [
      { "internalType": "uint256", "name": "_pid", "type": "uint256" },
      { "internalType": "address", "name": "_user", "type": "address" }
    ],
    "name": "pendingReward",
    "outputs": [{ "internalType": "uint256", "name": "pending", "type": "uint256" }],
    "stateMutability": "view",
    "type": "function"
  },
  {
    "inputs": [{ "internalType": "uint256", "name": "", "type": "uint256" }],
    "name": "poolInfo",
    "outputs": [
      { "internalType": "uint128", "name": "accRewardPerShare", "type": "uint128" },
      { "internalType": "uint64", "name": "lastRewardTime", "type": "uint64" },
      { "internalType": "uint64", "name": "allocPoint", "type": "uint64" }
    ],
    "stateMutability": "view",
    "type": "function"
  },
  {
    "inputs": [],
    "name": "poolInfos",
    "outputs": [
      {
        "components": [
          { "internalType": "uint128", "name": "accRewardPerShare", "type": "uint128" },
          { "internalType": "uint64", "name": "lastRewardTime", "type": "uint64" },
          { "internalType": "uint64", "name": "allocPoint", "type": "uint64" }
        ],
        "internalType": "struct MiniChefV2.PoolInfo[]",
        "name": "",
        "type": "tuple[]"
      }
    ],
    "stateMutability": "view",
    "type": "function"
  },
  {
    "inputs": [],
    "name": "poolLength",
    "outputs": [{ "internalType": "uint256", "name": "pools", "type": "uint256" }],
    "stateMutability": "view",
    "type": "function"
  },
  {
    "inputs": [{ "internalType": "address", "name": "_funder", "type": "address" }],
    "name": "removeFunder",
    "outputs": [],
    "stateMutability": "nonpayable",
    "type": "function"
  },
  {
    "inputs": [],
    "name": "renounceOwnership",
    "outputs": [],
    "stateMutability": "nonpayable",
    "type": "function"
  },
  {
    "inputs": [{ "internalType": "uint256", "name": "duration", "type": "uint256" }],
    "name": "resetRewardsDuration",
    "outputs": [],
    "stateMutability": "nonpayable",
    "type": "function"
  },
  {
    "inputs": [],
    "name": "rewardPerSecond",
    "outputs": [{ "internalType": "uint256", "name": "", "type": "uint256" }],
    "stateMutability": "view",
    "type": "function"
  },
  {
    "inputs": [{ "internalType": "uint256", "name": "", "type": "uint256" }],
    "name": "rewarder",
    "outputs": [{ "internalType": "contract IRewarder", "name": "", "type": "address" }],
    "stateMutability": "view",
    "type": "function"
  },
  {
    "inputs": [],
    "name": "rewardsExpiration",
    "outputs": [{ "internalType": "uint256", "name": "", "type": "uint256" }],
    "stateMutability": "view",
    "type": "function"
  },
  {
    "inputs": [
      { "internalType": "contract IMigratorChef", "name": "_migrator", "type": "address" }
    ],
    "name": "setMigrator",
    "outputs": [],
    "stateMutability": "nonpayable",
    "type": "function"
  },
  {
    "inputs": [
      { "internalType": "uint256", "name": "_pid", "type": "uint256" },
      { "internalType": "uint256", "name": "_allocPoint", "type": "uint256" },
      { "internalType": "contract IRewarder", "name": "_rewarder", "type": "address" },
      { "internalType": "bool", "name": "overwrite", "type": "bool" }
    ],
    "name": "setPool",
    "outputs": [],
    "stateMutability": "nonpayable",
    "type": "function"
  },
  {
    "inputs": [
      { "internalType": "uint256[]", "name": "pids", "type": "uint256[]" },
      { "internalType": "uint256[]", "name": "allocPoints", "type": "uint256[]" },
      { "internalType": "contract IRewarder[]", "name": "rewarders", "type": "address[]" },
      { "internalType": "bool[]", "name": "overwrites", "type": "bool[]" }
    ],
    "name": "setPools",
    "outputs": [],
    "stateMutability": "nonpayable",
    "type": "function"
  },
  {
    "inputs": [],
    "name": "totalAllocPoint",
    "outputs": [{ "internalType": "uint256", "name": "", "type": "uint256" }],
    "stateMutability": "view",
    "type": "function"
  },
  {
    "inputs": [{ "internalType": "address", "name": "newOwner", "type": "address" }],
    "name": "transferOwnership",
    "outputs": [],
    "stateMutability": "nonpayable",
    "type": "function"
  },
  {
    "inputs": [{ "internalType": "uint256", "name": "pid", "type": "uint256" }],
    "name": "updatePool",
    "outputs": [
      {
        "components": [
          { "internalType": "uint128", "name": "accRewardPerShare", "type": "uint128" },
          { "internalType": "uint64", "name": "lastRewardTime", "type": "uint64" },
          { "internalType": "uint64", "name": "allocPoint", "type": "uint64" }
        ],
        "internalType": "struct MiniChefV2.PoolInfo",
        "name": "pool",
        "type": "tuple"
      }
    ],
    "stateMutability": "nonpayable",
    "type": "function"
  },
  {
    "inputs": [
      { "internalType": "uint256", "name": "", "type": "uint256" },
      { "internalType": "address", "name": "", "type": "address" }
    ],
    "name": "userInfo",
    "outputs": [
      { "internalType": "uint256", "name": "amount", "type": "uint256" },
      { "internalType": "int256", "name": "rewardDebt", "type": "int256" }
    ],
    "stateMutability": "view",
    "type": "function"
  },
  {
    "inputs": [
      { "internalType": "uint256", "name": "pid", "type": "uint256" },
      { "internalType": "uint256", "name": "amount", "type": "uint256" },
      { "internalType": "address", "name": "to", "type": "address" }
    ],
    "name": "withdraw",
    "outputs": [],
    "stateMutability": "nonpayable",
    "type": "function"
  },
  {
    "inputs": [
      { "internalType": "uint256", "name": "pid", "type": "uint256" },
      { "internalType": "uint256", "name": "amount", "type": "uint256" },
      { "internalType": "address", "name": "to", "type": "address" }
    ],
    "name": "withdrawAndHarvest",
    "outputs": [],
    "stateMutability": "nonpayable",
    "type": "function"
  }
]
