[
  {
    "inputs": [
      { "internalType": "contract IERC20", "name": "_rewardToken", "type": "address" },
      { "internalType": "uint256", "name": "_rewardPerSecond", "type": "uint256" },
      { "internalType": "address", "name": "_MASTERCHEF", "type": "address" }
    ],
    "stateMutability": "nonpayable",
    "type": "constructor"
  },
  { "anonymous": false, "inputs": [], "name": "LogInit", "type": "event" },
  {
    "anonymous": false,
    "inputs": [
      { "indexed": true, "internalType": "address", "name": "user", "type": "address" },
      { "indexed": true, "internalType": "uint256", "name": "pid", "type": "uint256" },
      { "indexed": false, "internalType": "uint256", "name": "amount", "type": "uint256" },
      { "indexed": true, "internalType": "address", "name": "to", "type": "address" }
    ],
    "name": "LogOnReward",
    "type": "event"
  },
  {
    "anonymous": false,
    "inputs": [
      { "indexed": true, "internalType": "uint256", "name": "pid", "type": "uint256" },
      { "indexed": false, "internalType": "uint256", "name": "allocPoint", "type": "uint256" }
    ],
    "name": "LogPoolAddition",
    "type": "event"
  },
  {
    "anonymous": false,
    "inputs": [
      { "indexed": false, "internalType": "uint256", "name": "rewardPerSecond", "type": "uint256" }
    ],
    "name": "LogRewardPerSecond",
    "type": "event"
  },
  {
    "anonymous": false,
    "inputs": [
      { "indexed": true, "internalType": "uint256", "name": "pid", "type": "uint256" },
      { "indexed": false, "internalType": "uint256", "name": "allocPoint", "type": "uint256" }
    ],
    "name": "LogSetPool",
    "type": "event"
  },
  {
    "anonymous": false,
    "inputs": [
      { "indexed": true, "internalType": "uint256", "name": "pid", "type": "uint256" },
      { "indexed": false, "internalType": "uint256", "name": "lastRewardTime", "type": "uint256" },
      { "indexed": false, "internalType": "uint256", "name": "lpSupply", "type": "uint256" },
      {
        "indexed": false,
        "internalType": "uint256",
        "name": "accRewardTokenPerShare",
        "type": "uint256"
      }
    ],
    "name": "LogUpdatePool",
    "type": "event"
  },
  {
    "anonymous": false,
    "inputs": [
      { "indexed": true, "internalType": "address", "name": "previousOwner", "type": "address" },
      { "indexed": true, "internalType": "address", "name": "newOwner", "type": "address" }
    ],
    "name": "OwnershipTransferred",
    "type": "event"
  },
  {
    "inputs": [],
    "name": "MASTERCHEF",
    "outputs": [{ "internalType": "address", "name": "", "type": "address" }],
    "stateMutability": "view",
    "type": "function"
  },
  {
    "inputs": [
      { "internalType": "uint256", "name": "pid", "type": "uint256" },
      { "internalType": "uint256", "name": "allocPoint", "type": "uint256" }
    ],
    "name": "add",
    "outputs": [],
    "stateMutability": "nonpayable",
    "type": "function"
  },
  {
    "inputs": [
      { "internalType": "address", "name": "token", "type": "address" },
      { "internalType": "address", "name": "withdrawTo", "type": "address" }
    ],
    "name": "emergencyWithdraw",
    "outputs": [],
    "stateMutability": "nonpayable",
    "type": "function"
  },
  {
    "inputs": [{ "internalType": "uint256[]", "name": "pids", "type": "uint256[]" }],
    "name": "massUpdatePools",
    "outputs": [],
    "stateMutability": "nonpayable",
    "type": "function"
  },
  {
    "inputs": [{ "internalType": "uint256", "name": "", "type": "uint256" }],
    "name": "masterchefPoolIds",
    "outputs": [{ "internalType": "uint256", "name": "", "type": "uint256" }],
    "stateMutability": "view",
    "type": "function"
  },
  {
    "inputs": [
      { "internalType": "uint256", "name": "pid", "type": "uint256" },
      { "internalType": "address", "name": "userAddress", "type": "address" },
      { "internalType": "address", "name": "recipient", "type": "address" },
      { "internalType": "uint256", "name": "", "type": "uint256" },
      { "internalType": "uint256", "name": "newLpAmount", "type": "uint256" }
    ],
    "name": "onBeetsReward",
    "outputs": [],
    "stateMutability": "nonpayable",
    "type": "function"
  },
  {
    "inputs": [],
    "name": "owner",
    "outputs": [{ "internalType": "address", "name": "", "type": "address" }],
    "stateMutability": "view",
    "type": "function"
  },
  {
    "inputs": [
      { "internalType": "uint256", "name": "_pid", "type": "uint256" },
      { "internalType": "address", "name": "_user", "type": "address" }
    ],
    "name": "pendingToken",
    "outputs": [{ "internalType": "uint256", "name": "pending", "type": "uint256" }],
    "stateMutability": "view",
    "type": "function"
  },
  {
    "inputs": [
      { "internalType": "uint256", "name": "pid", "type": "uint256" },
      { "internalType": "address", "name": "user", "type": "address" },
      { "internalType": "uint256", "name": "", "type": "uint256" }
    ],
    "name": "pendingTokens",
    "outputs": [
      { "internalType": "contract IERC20[]", "name": "rewardTokens", "type": "address[]" },
      { "internalType": "uint256[]", "name": "rewardAmounts", "type": "uint256[]" }
    ],
    "stateMutability": "view",
    "type": "function"
  },
  {
    "inputs": [{ "internalType": "uint256", "name": "", "type": "uint256" }],
    "name": "poolInfo",
    "outputs": [
      { "internalType": "uint256", "name": "accRewardTokenPerShare", "type": "uint256" },
      { "internalType": "uint256", "name": "lastRewardTime", "type": "uint256" },
      { "internalType": "uint256", "name": "allocPoint", "type": "uint256" }
    ],
    "stateMutability": "view",
    "type": "function"
  },
  {
    "inputs": [],
    "name": "poolLength",
    "outputs": [{ "internalType": "uint256", "name": "pools", "type": "uint256" }],
    "stateMutability": "view",
    "type": "function"
  },
  {
    "inputs": [],
    "name": "renounceOwnership",
    "outputs": [],
    "stateMutability": "nonpayable",
    "type": "function"
  },
  {
    "inputs": [],
    "name": "rewardPerSecond",
    "outputs": [{ "internalType": "uint256", "name": "", "type": "uint256" }],
    "stateMutability": "view",
    "type": "function"
  },
  {
    "inputs": [],
    "name": "rewardToken",
    "outputs": [{ "internalType": "contract IERC20", "name": "", "type": "address" }],
    "stateMutability": "view",
    "type": "function"
  },
  {
    "inputs": [
      { "internalType": "uint256", "name": "pid", "type": "uint256" },
      { "internalType": "uint256", "name": "allocPoint", "type": "uint256" }
    ],
    "name": "set",
    "outputs": [],
    "stateMutability": "nonpayable",
    "type": "function"
  },
  {
    "inputs": [{ "internalType": "uint256", "name": "_rewardPerSecond", "type": "uint256" }],
    "name": "setRewardPerSecond",
    "outputs": [],
    "stateMutability": "nonpayable",
    "type": "function"
  },
  {
    "inputs": [{ "internalType": "address", "name": "newOwner", "type": "address" }],
    "name": "transferOwnership",
    "outputs": [],
    "stateMutability": "nonpayable",
    "type": "function"
  },
  {
    "inputs": [{ "internalType": "uint256", "name": "pid", "type": "uint256" }],
    "name": "updatePool",
    "outputs": [
      {
        "components": [
          { "internalType": "uint256", "name": "accRewardTokenPerShare", "type": "uint256" },
          { "internalType": "uint256", "name": "lastRewardTime", "type": "uint256" },
          { "internalType": "uint256", "name": "allocPoint", "type": "uint256" }
        ],
        "internalType": "struct TimeBasedRewarder.PoolInfo",
        "name": "pool",
        "type": "tuple"
      }
    ],
    "stateMutability": "nonpayable",
    "type": "function"
  },
  {
    "inputs": [
      { "internalType": "uint256", "name": "", "type": "uint256" },
      { "internalType": "address", "name": "", "type": "address" }
    ],
    "name": "userInfo",
    "outputs": [
      { "internalType": "uint256", "name": "amount", "type": "uint256" },
      { "internalType": "uint256", "name": "rewardDebt", "type": "uint256" }
    ],
    "stateMutability": "view",
    "type": "function"
  }
]
